id,businessDate,securityId,symbol,securityName,openPrice,highPrice,lowPrice,closePrice,totalTradedQuantity,totalTradedValue,previousDayClosePrice,fiftyTwoWeekHigh,fiftyTwoWeekLow,lastUpdatedTime,lastUpdatedPrice,totalTrades,averageTradedPrice,marketCapitalization
,2026-07-23,2790,ACLBSL,Aarambha Chautari Laghubitta Bittiya Sanstha Limited,930.1,950.0,925.5,950.0,442,410758.2,952.0,1240.0,827.9,2026-07-23T14:31:20.632442,950.0,17,929.31,3487.86
,2026-07-23,397,ADBL,Agricultural Development Bank Limited,310.0,325.0,310.0,317.0,19009,5996917.5,318.9,344.9,285.2,2026-07-23T14:59:38.364726,317.0,99,315.47,45348.5
,2026-07-23,9150,AHL,Asian Hydropower Limited,425.5,433.8,425.5,432.0,1873,806361.7,430.8,700.0,405.0,2026-07-23T14:59:42.490397,432.0,29,430.51,1468.8
,2026-07-23,360,AHPC,Arun Valley Hydropower Development Co. Ltd.,274.9,277.0,270.2,277.0,59319,16201890.2,275.0,334.0,250.1,2026-07-23T14:59:56.378839,277.0,211,273.13,11191.92
,2026-07-23,2788,AKJCL,Ankhu Khola Jalvidhyut Company Ltd,370.0,391.0,370.0,386.5,719259,275233779.8,388.0,461.4,172.9,2026-07-23T14:59:57.597112,386.5,1322,382.66,7730.0
,2026-07-23,2757,AKPL,Arun Kabeli Power Ltd.,255.0,274.7,255.0,266.0,68149,18066298.7,267.0,317.0,227.5,2026-07-23T14:59:35.585215,266.0,168,265.09,10363.21
,2026-07-23,2807,ALBSL,Asha Laghubitta Bittiya Sanstha Ltd,1070.0,1129.0,1070.0,1094.9,3151,3414794.0,1101.0,1334.0,920.0,2026-07-23T14:59:55.709918,1094.9,88,1083.71,8788.61
,2026-07-23,385,ALICL,Asian Life Insurance Co. Limited,435.1,441.0,435.0,441.0,7997,3500748.6,438.0,550.0,413.4,2026-07-23T14:59:14.036108,441.0,66,437.75,23157.87
,2026-07-23,9161,ANLB,Aatmanirbhar Laghubitta Bittiya Sanstha Limited,5600.0,6491.0,5600.0,5818.0,1113,6334660.6,5841.0,7560.0,5450.0,2026-07-23T14:59:58.556076,5818.0,73,5691.51,5207.53
,2026-07-23,9337,APHL,Appolo Hydropower Limited,837.0,930.0,827.0,930.0,64326,56764243.2,837.5,1053.4,299.7,2026-07-23T14:59:58.719565,930.0,1117,882.44,4371.0
,2026-07-23,697,API,Api Power Company Ltd.,340.0,345.0,339.0,342.5,255571,87279722.0,343.5,370.0,258.8,2026-07-23T14:59:46.9943,342.5,495,341.5,21850.56
,2026-07-23,8117,AVYAN,Aviyan Laghubitta Bittiya Sanstha Limited,1083.0,1083.0,1052.0,1079.0,2060,2196677.0,1074.0,1366.0,906.0,2026-07-23T14:57:04.279565,1079.0,44,1066.34,2697.5
,2026-07-23,9297,BANDIPUR,Bandipur Cablecar and Tourism Limited,723.0,760.0,723.0,760.0,30521,22715386.5,739.1,1233.0,285.0,2026-07-23T14:59:59.021891,760.0,443,744.25,21508.0
,2026-07-23,686,BARUN,Barun Hydropower Co. Ltd.,331.0,335.0,328.0,335.0,27519,9136350.2,335.0,421.0,292.1,2026-07-23T14:59:56.311061,335.0,133,332.0,3760.48
,2026-07-23,156,BBC,Bishal Bazar Company Limited,4379.0,4390.0,4241.0,4390.0,397,1724000.0,4268.0,6120.0,4021.1,2026-07-23T14:59:43.678606,4390.0,32,4342.56,176039.0
,2026-07-23,9171,BEDC,Bhugol Energy Development Company Limited,340.0,340.0,325.0,330.0,23206,7615549.3,330.1,872.0,303.1,2026-07-23T14:59:56.058716,330.0,138,328.17,1795.38
,2026-07-23,227,BFC,Best Finance Company Ltd.,526.0,535.0,520.0,533.0,64041,33790992.9,535.1,579.9,411.5,2026-07-23T14:59:59.466144,533.0,381,527.64,4745.96
,2026-07-23,9214,BGWT,Bhagawati Hydropower Development Company Limited,609.0,614.9,601.5,610.0,1013,617254.1,613.0,993.0,516.1,2026-07-23T14:56:35.388076,610.0,28,609.33,4137.26
,2026-07-23,9267,BHCL,Bikash Hydropower Company Limited,491.0,518.0,491.0,515.0,34661,17537268.7,499.0,699.0,292.1,2026-07-23T14:59:55.242834,515.0,347,505.96,4681.87
,2026-07-23,8075,BHDC,Bindhyabasini Hydropower Development Company Limited,437.5,445.0,437.0,444.9,7813,3438120.2,445.0,706.0,412.0,2026-07-23T14:58:43.811263,444.9,64,440.05,5277.8
,2026-07-23,8055,BHL,Balephi Hydropower Limited,217.0,217.0,213.4,215.2,62803,13479235.3,215.5,264.4,164.0,2026-07-23T14:59:57.887981,215.2,257,214.62,7867.58
,2026-07-23,9135,BHPL,Barahi Hydropower Public Limited,504.9,504.9,487.0,491.0,2567,1266948.0,495.9,896.9,449.0,2026-07-23T14:59:40.946448,491.0,22,493.55,1227.5
,2026-07-23,9322,BJHL,Bhujung Hydropower Limited,719.0,792.0,719.0,790.0,33953,26130015.4,756.1,1305.0,270.1,2026-07-23T14:59:57.84143,790.0,262,769.59,7900.0
,2026-07-23,8032,BNHC,Buddha Bhumi Nepal Hydropower Company Limited,296.9,296.9,288.7,295.0,39381,11505297.6,296.9,613.8,261.3,2026-07-23T14:59:33.392493,295.0,202,292.15,2360.0
,2026-07-23,213,BNT,Bottlers Nepal (Terai) Limited,11578.1,11578.1,11578.1,11578.1,25,289452.5,11571.0,13205.0,10660.0,2026-07-23T14:28:59.645509,11578.1,3,11578.1,14009.5
,2026-07-23,9136,BOKD86KA,"BOK Debenture 2086 ""KA""",1102.0,1102.0,1100.0,1100.0,25,27530.0,1134.0,1247.0,1130.0,2026-07-23T11:44:20.396201,1100.0,2,1101.2,1210.0
,2026-07-23,153,BPCL,Butwal Power Company Limited,705.3,705.3,656.0,670.9,19529,13010574.1,671.8,1065.0,612.0,2026-07-23T14:57:47.483563,670.9,140,666.21,22871.41
,2026-07-23,9296,BUNGAL,Bungal Hydro Limited,669.8,669.8,612.1,635.0,191406,122425656.7,705.0,895.0,302.4,2026-07-23T14:59:59.43613,635.0,1183,639.61,5270.5
,2026-07-23,9191,C30MF,Citizens Super 30 Mutual Fund,10.0,10.22,10.0,10.22,200,2022.0,10.09,10.71,8.7,2026-07-23T12:01:49.978858,10.22,2,10.11,767.24
,2026-07-23,164,CBBL,Chhimek Laghubitta Bittiya Sanstha Limited,929.1,934.0,929.1,932.0,11789,10980282.9,933.5,1144.8,882.0,2026-07-23T14:59:45.310577,932.0,139,931.4,33712.9
,2026-07-23,245,CFCL,Central Finance Co. Ltd.,610.0,660.0,610.0,649.9,110432,71245102.5,641.3,695.0,445.1,2026-07-23T14:59:59.662185,649.9,336,645.14,6166.74
,2026-07-23,2917,CGH,Chandragiri Hills Limited,785.0,792.0,773.0,792.0,19050,14835498.7,785.0,1150.0,748.0,2026-07-23T14:59:55.986081,792.0,74,778.76,12757.5
,2026-07-23,154,CHCL,Chilime Hydropower Company Limited,485.1,495.0,485.1,494.0,31454,15502322.8,495.2,584.0,450.3,2026-07-23T14:59:34.049239,494.0,131,492.85,46855.85
,2026-07-23,3946,CHDC,CEDB Holdings Limited,2200.5,2219.0,2187.1,2205.0,8086,17796586.4,2219.0,2997.9,1967.0,2026-07-23T14:59:57.050491,2205.0,116,2200.91,22804.93
,2026-07-23,2766,CHL,Chhyangdi Hydropower Ltd.,268.1,272.5,265.1,266.1,14726,3942030.5,268.0,342.0,223.4,2026-07-23T14:59:59.345159,266.1,85,267.69,2059.49
,2026-07-23,210,CIT,Citizen Investment Trust,1739.9,1739.9,1706.0,1724.8,2666,4595693.4,1724.0,2168.0,1630.3,2026-07-23T14:59:30.733178,1724.8,64,1723.81,117386.41
,2026-07-23,9173,CITY,City Hotel Limited,390.0,393.8,382.1,389.0,98452,38113753.6,390.0,970.0,327.8,2026-07-23T14:59:58.409438,389.0,490,387.13,11721.35
,2026-07-23,9231,CIZBD90,10% Citizens Bank Debenture 2090,1215.0,1240.0,1215.0,1240.0,450,550925.0,1215.0,1315.0,1010.0,2026-07-23T12:27:55.846435,1240.0,7,1224.27,3720.0
,2026-07-23,9232,CKHL,Chirkhwa Hydropower Limited ,622.9,623.0,589.0,622.0,318,190083.8,604.9,804.0,525.0,2026-07-23T14:59:54.426598,622.0,14,597.74,2488.0
,2026-07-23,9209,CLI,Citizen Life Insurance Company Limited,442.2,455.0,442.0,455.0,10896,4890454.9,450.0,540.0,411.0,2026-07-23T14:59:53.871686,455.0,169,448.83,22750.0
,2026-07-23,450,CORBL,Corporate Development Bank Limited,1400.0,1610.0,1348.3,1440.0,99429,138743991.5,1439.0,3183.0,1282.0,2026-07-23T14:59:59.554724,1440.0,1127,1395.4,7560.0
,2026-07-23,9252,CREST,Crest Micro Life Insurance Limited,1205.0,1273.0,1173.0,1201.0,14145,17167943.4,1222.0,1588.0,985.2,2026-07-23T14:59:59.410483,1201.0,234,1213.71,9007.5
,2026-07-23,9304,CSY,Citizens Santulit Yojana,9.05,9.38,9.05,9.12,3950,36190.0,9.32,10.0,8.78,2026-07-23T14:54:50.906533,9.12,16,9.16,1140.0
,2026-07-23,8065,CYCL,CYC Nepal Laghubitta Bittiya Sanstha Limited,1397.9,1397.9,1345.0,1370.0,704,952422.4,1375.0,2040.0,1280.0,2026-07-23T14:59:38.851653,1370.0,33,1352.87,3650.01
,2026-07-23,348,CZBIL,Citizens Bank International Limited,193.0,209.0,193.0,204.5,17761,3609533.1,203.0,240.1,183.0,2026-07-23T14:59:58.328503,204.5,108,203.22,31712.76
,2026-07-23,166,DDBL,Deprosc Laghubitta Bittiya Sanstha Limited,841.0,854.0,838.4,849.9,2827,2385232.6,842.1,1010.0,793.0,2026-07-23T14:47:51.555099,849.9,45,843.73,17466.42
,2026-07-23,9293,DHEL,Daramkhola Hydro Energy Limited,581.0,601.0,581.0,598.0,15918,9459686.7,595.0,918.9,402.2,2026-07-23T14:59:55.74817,598.0,218,594.27,6162.39
,2026-07-23,2754,DHPL,Dibyashwori Hydropower Ltd.,303.79,303.79,295.0,298.0,2245,663719.0,296.5,362.9,254.0,2026-07-23T14:58:11.073754,298.0,15,295.64,786.72
,2026-07-23,8123,DLBS,Dhaulagiri Laghubitta Bittiya Sanstha Limited,1264.0,1264.0,1211.0,1214.0,311,378987.3,1249.0,1684.0,1083.8,2026-07-23T14:59:56.577289,1214.0,17,1218.6,1615.83
,2026-07-23,9170,DOLTI,Dolti Power Company Limited,328.1,333.3,328.0,329.1,28008,9242314.1,334.9,642.0,300.1,2026-07-23T14:59:59.004787,329.1,140,329.98,1765.58
,2026-07-23,8070,DORDI,Dordi Khola Jal Bidyut Company Limited,259.0,265.0,258.5,263.0,21010,5510653.0,262.0,328.4,213.1,2026-07-23T14:59:59.838088,263.0,98,262.28,5545.41
,2026-07-23,137,EBL,Everest Bank Limited,753.0,753.0,712.1,719.0,21235,15236226.1,718.0,780.6,619.0,2026-07-23T14:59:51.095746,719.0,155,717.5,98656.69
,2026-07-23,9347,ECL,Everest Colour Limited,507.1,566.2,507.1,566.2,120,66509.0,492.4,492.4,296.6,2026-07-23T13:37:41.92329,566.2,12,554.24,1698.6
,2026-07-23,274,EDBL,Excel Development Bank Ltd.,576.0,585.0,576.0,580.1,2458,1425993.9,583.0,717.3,545.0,2026-07-23T14:50:21.713243,580.1,23,580.14,7249.48
,2026-07-23,8131,EHPL,Eastern Hydropower Limited,363.9,363.9,349.2,355.3,8656,3063982.6,356.8,681.8,318.3,2026-07-23T14:59:33.731556,355.3,70,353.97,2202.86
,2026-07-23,8034,ENL,Emerging Nepal Limited,820.0,834.0,810.0,834.0,671,545738.0,825.0,1207.6,762.0,2026-07-23T14:59:56.590274,834.0,19,813.32,4633.7
,2026-07-23,490,FMDBL,First Micro Finance Laghubitta Bittiya Sanstha Limited,765.2,788.0,765.2,780.0,4640,3595536.5,773.0,1038.8,730.0,2026-07-23T14:59:36.247559,780.0,45,774.9,10490.0
,2026-07-23,2758,FOWAD,Forward Microfinance Laghubitta Bittiya Sanstha Limited,970.2,996.0,970.2,996.0,1235,1211588.0,997.0,1364.0,933.0,2026-07-23T14:59:59.052514,996.0,35,981.04,11911.7
,2026-07-23,8033,GBBD85,"Garima Debenture, 2085",1065.0,1065.0,1065.0,1065.0,50,53250.0,1067.0,1135.0,1030.0,2026-07-23T14:18:13.763679,1065.0,2,1065.0,1065.0
,2026-07-23,417,GBBL,Garima Bikas Bank Limited,420.0,421.0,415.0,420.0,26242,10980390.9,421.5,498.0,367.4,2026-07-23T14:59:12.198211,420.0,100,418.42,25289.66
,2026-07-23,341,GBIME,Global IME Bank Limited,235.0,253.0,235.0,249.0,105646,26034018.0,247.2,276.0,218.9,2026-07-23T14:59:51.303415,249.0,290,246.42,94908.47
,2026-07-23,9269,GBIMESY2,Global IME Sammunat Yojana -2,9.3,9.5,9.2,9.5,500,4662.0,9.4,10.78,8.5,2026-07-23T14:02:32.48023,9.5,5,9.32,1425.0
,2026-07-23,583,GBLBS,Grameen Bikas Laghubitta Bittiya Sanstha Ltd.,768.8,768.8,751.0,759.0,1234,929997.6,762.0,950.0,698.0,2026-07-23T14:59:52.030714,759.0,32,753.64,7630.61
,2026-07-23,9193,GCIL,Ghorahi Cement Industry Limited,365.0,365.0,354.6,364.0,16393,5887489.4,365.0,579.0,315.5,2026-07-23T14:59:55.637133,364.0,175,359.14,18289.01
,2026-07-23,232,GFCL,Goodwill Finance Limited,633.0,636.0,625.1,636.0,7712,4874681.9,633.0,756.8,528.3,2026-07-23T14:59:18.830085,636.0,48,632.09,6017.29
,2026-07-23,2806,GHL,Ghalemdi Hydro Limited,228.0,232.9,228.0,232.5,27581,6367382.7,231.0,290.0,197.1,2026-07-23T14:59:53.641074,232.5,106,230.86,3836.25
,2026-07-23,8106,GIBF1,Global IME Balanced Fund-1,10.3,10.41,10.3,10.41,300,3112.0,10.55,11.68,9.3,2026-07-23T14:18:19.177998,10.41,3,10.37,1067.82
,2026-07-23,705,GILB,Global IME Laghubitta Bittiya Sanstha Ltd.,1100.0,1117.8,1095.0,1110.0,520,576104.9,1120.8,1441.6,1020.1,2026-07-23T14:59:49.914674,1110.0,21,1107.89,7196.11
,2026-07-23,2826,GLBSL,Gurans Laghubitta Bittiya Sanstha Limited,1740.0,1820.0,1740.0,1793.0,239,428942.0,1813.0,2459.0,1705.2,2026-07-23T14:56:50.185224,1793.0,14,1794.73,2373.18
,2026-07-23,2924,GLH,GreenLife Hydropower Limited,255.1,261.0,252.9,260.8,37034,9459455.5,258.9,328.2,227.4,2026-07-23T14:59:59.838877,260.8,162,255.42,4694.4
,2026-07-23,2815,GMFBS,Ganapati Laghubitta Bittiya Sanstha Limited,1251.7,1251.7,1221.0,1246.0,145,179589.4,1251.7,1809.0,1130.5,2026-07-23T14:45:33.507992,1246.0,10,1238.54,1888.37
,2026-07-23,263,GMFIL,Guheshowori Merchant Bank & Finance Co. Ltd.,498.0,498.0,467.1,478.7,8225,3899272.4,475.0,557.0,393.1,2026-07-23T14:59:33.967076,478.7,45,474.07,4845.29
,2026-07-23,9246,GMLI,Guardian Micro Life Insurance Limited ,1201.0,1201.0,1170.5,1195.0,2062,2432253.5,1200.0,2229.9,1114.0,2026-07-23T14:59:34.454688,1195.0,52,1179.56,8962.5
,2026-07-23,2744,GRDBL,Green Development Bank Ltd.,1024.1,1097.0,1024.1,1085.0,10852,11686422.7,1078.0,1398.7,949.0,2026-07-23T14:59:58.904877,1085.0,143,1076.89,6678.18
,2026-07-23,9248,GSY,Garima Samriddhi Yojana,10.0,10.0,9.9,9.9,2800,27990.0,9.9,10.4,8.7,2026-07-23T14:52:01.167845,9.9,22,9.99,1237.5
,2026-07-23,204,GUFL,Gurkhas Finance Ltd.,575.0,575.0,550.1,564.0,10684,5974729.3,565.0,644.0,460.6,2026-07-23T14:59:39.953307,564.0,66,559.22,4895.49
,2026-07-23,8045,GVL,Green Ventures Limited,480.2,490.0,480.2,490.0,5271,2562751.4,490.0,662.0,461.0,2026-07-23T14:56:14.203237,490.0,55,486.19,16843.75
,2026-07-23,9221,H8020,Himalayan 80-20,12.3,12.3,11.8,12.0,4456,53668.8,12.3,12.56,10.0,2026-07-23T14:48:19.888271,12.0,14,12.04,120.0
,2026-07-23,9213,HATHY,Hathway Investment Nepal Limited,767.0,767.0,744.2,757.9,3251,2443182.9,755.0,1382.4,660.0,2026-07-23T14:59:55.747675,757.9,62,751.51,24034.28
,2026-07-23,134,HBL,Himalayan Bank Limited,200.0,203.0,194.0,202.8,44740,8958064.4,200.9,254.8,184.0,2026-07-23T14:59:58.257194,202.8,619,200.22,45795.61
,2026-07-23,2880,HDHPC,Himal Dolakha Hydropower Company Limited,218.1,221.0,216.8,220.8,123561,26982595.8,221.0,274.0,162.0,2026-07-23T14:59:57.843097,220.8,266,218.37,6182.4
,2026-07-23,235,HDL,Himalayan Distillery Limited,1189.0,1190.0,1165.1,1179.0,19870,23398681.7,1178.0,1556.1,1097.6,2026-07-23T14:59:41.406026,1179.0,247,1177.58,43482.49
,2026-07-23,179,HEI,Himalayan Everest Insurance Limited,533.0,536.0,528.0,535.9,2561,1363306.0,532.0,654.0,458.0,2026-07-23T14:59:45.563523,535.9,17,532.33,13398.34
,2026-07-23,700,HEIP,Himalayan Everest Insurance Limited Promoter,335.0,335.0,335.0,335.0,500,167500.0,340.0,398.0,293.1,2026-07-23T14:52:47.388369,335.0,1,335.0,896.14
,2026-07-23,9308,HFIN,Hotel Forest Inn Limited,680.0,770.0,680.0,760.0,73698,53228456.3,706.9,1450.6,101.7,2026-07-23T14:59:55.868814,760.0,903,722.25,15200.0
,2026-07-23,8076,HHL,Himalayan Hydropower Limited,342.0,362.0,342.0,350.5,46686,16470831.7,352.0,459.0,309.0,2026-07-23T14:59:58.672946,350.5,198,352.8,3837.97
,2026-07-23,2742,HIDCL,Hydorelectricity Investment and Development Company Ltd,266.0,267.0,261.1,263.6,46621,12293633.0,266.0,330.3,245.0,2026-07-23T14:59:57.968688,263.6,177,263.69,65710.76
,2026-07-23,8111,HIDCLP,Hydorelectricity Investment and Development Company Limited Promoter,193.5,198.0,193.0,197.5,63494,12404188.4,195.0,239.0,174.4,2026-07-23T14:58:18.325083,197.5,138,195.36,6517.5
,2026-07-23,9270,HIMSTAR,Him Star Urja Company Limited,731.0,760.0,717.0,759.0,10128,7475787.6,751.0,1264.0,252.2,2026-07-23T14:59:45.998991,759.0,133,738.13,2831.07
,2026-07-23,693,HLBSL,Himalayan Laghubitta Bittiya Sanstha Limited,899.9,903.0,873.0,903.0,1375,1212989.0,900.0,1100.0,830.0,2026-07-23T12:20:57.809966,903.0,10,882.17,3080.01
,2026-07-23,393,HLI,Himalayan Life Insurance Limited,330.0,338.8,330.0,334.8,27177,9033278.6,335.0,464.0,313.1,2026-07-23T14:59:55.758231,334.8,207,332.38,30611.56
,2026-07-23,9290,HLICF,HLI Large Cap Fund,8.69,8.95,8.69,8.92,2320,20414.0,8.95,10.55,8.25,2026-07-23T14:59:50.628821,8.92,9,8.79,4460.0
,2026-07-23,2767,HPPL,Himalayan Power Partner Ltd.,360.0,381.9,360.0,381.0,106938,40120106.4,370.0,605.0,340.1,2026-07-23T14:59:58.796173,381.0,384,375.17,6088.86
,2026-07-23,9234,HRL,Himalayan Reinsurance Limited,636.2,645.0,625.1,641.0,90968,57689260.6,636.2,1139.9,545.0,2026-07-23T14:59:44.793418,641.0,864,634.17,69663.88
,2026-07-23,2824,HURJA,Himalaya Urja Bikas Company Limited,240.0,243.7,236.2,242.8,53462,12796903.2,240.0,312.1,204.6,2026-07-23T14:59:53.050056,242.8,147,239.36,4807.44
,2026-07-23,273,ICFC,ICFC Finance Limited,611.5,622.0,611.5,620.0,5166,3191790.2,618.0,730.9,580.0,2026-07-23T14:59:19.110056,620.0,31,617.84,7337.52
,2026-07-23,9249,ICFCD88,9% ICFC Finance Limited Debenture 2088,1125.0,1158.9,1124.2,1124.2,150,170907.5,1121.0,1216.0,1053.6,2026-07-23T14:48:42.777332,1124.2,6,1139.38,337.26
,2026-07-23,9327,ICFCD89,8% ICFC Finance Limited Debenture 2089,1106.0,1123.7,1106.0,1120.0,385,431160.0,1091.0,1140.0,1020.0,2026-07-23T12:41:21.952441,1120.0,13,1119.89,
,2026-07-23,186,IGI,IGI Prudential insurance Limited,448.0,450.0,441.0,450.0,12648,5638618.6,450.0,600.0,392.0,2026-07-23T14:59:59.239682,450.0,39,445.81,13632.01
,2026-07-23,9176,IHL,Ingwa Hydropower Limited,370.0,370.0,360.2,367.5,3367,1237823.9,366.0,640.0,329.0,2026-07-23T14:59:49.173144,367.5,42,367.63,2205.0
,2026-07-23,2832,ILBS,Infinity Laghubitta Bittiya Sanstha Limited,850.0,927.0,850.0,891.9,1447,1287559.0,890.0,1311.0,815.0,2026-07-23T14:59:58.328162,891.9,26,889.81,4436.45
,2026-07-23,9184,ILI,IME Life Insurance Company Limited,420.1,428.5,420.0,425.0,8383,3552045.2,424.0,500.0,399.0,2026-07-23T14:59:35.129684,425.0,179,423.72,21250.0
,2026-07-23,418,JBBL,Jyoti Bikas Bank Limited,354.0,359.0,346.1,359.0,28328,9951522.8,349.0,413.0,295.0,2026-07-23T14:59:37.854324,359.0,130,351.29,15780.87
,2026-07-23,4951,JBLB,Jeevan Bikas Laghubitta  Bittya Sanstha Ltd,1270.0,1293.0,1267.1,1289.0,2765,3535813.7,1275.3,1644.0,1219.9,2026-07-23T14:59:35.510702,1289.0,82,1278.77,22573.43
,2026-07-23,250,JFL,Janaki Finance Company Limited,400.1,404.0,395.0,400.0,5347,2129071.9,405.5,558.0,375.0,2026-07-23T14:59:15.818536,400.0,39,398.18,2761.89
,2026-07-23,9300,JHAPA,Jhapa Energy Limited,1100.0,1148.0,1100.0,1148.0,12509,14025143.2,1111.0,1929.0,293.4,2026-07-23T14:59:47.51358,1148.0,157,1121.2,4364.58
,2026-07-23,2789,JOSHI,Joshi Hydropower Development Company Ltd,268.0,272.0,264.0,271.5,12059,3257444.4,267.8,388.6,246.0,2026-07-23T14:59:45.821264,271.5,45,270.12,1663.78
,2026-07-23,695,JSLBB,Janautthan Samudayic Laghubitta Bittya Sanstha Limited,1010.0,1026.7,1010.0,1026.7,47,47687.0,1027.0,1485.0,941.0,2026-07-23T14:59:57.885133,1026.7,4,1014.61,1746.33
,2026-07-23,9346,KAHL,Kalanga Hydro Limited,550.0,583.0,533.2,583.0,75792,42335884.2,560.0,580.0,295.4,2026-07-23T14:59:59.629886,583.0,2419,558.57,8162.0
,2026-07-23,142,KBL,Kumari Bank Limited,212.0,223.9,212.0,223.0,368248,81300968.7,219.0,256.0,175.5,2026-07-23T14:59:57.683403,223.0,657,220.77,58483.67
,2026-07-23,8127,KBLD89,11% KBL Debenture 2089,1260.0,1260.0,1260.0,1260.0,76,95760.0,1226.0,1379.0,1180.0,2026-07-23T13:34:23.189107,1260.0,1,1260.0,3780.0
,2026-07-23,9196,KBSH,Kutheli Bukhari Small Hydropower Limited,1175.0,1175.0,1045.5,1045.5,13394,14012207.5,1230.0,2189.0,1150.0,2026-07-23T14:59:48.227741,1045.5,254,1046.15,1541.69
,2026-07-23,8074,KDBY,Kumari Dhanabriddhi Yojana,10.8,11.08,10.8,11.08,2000,21804.0,11.08,12.54,8.67,2026-07-23T14:58:58.723245,11.08,19,10.9,44.32
,2026-07-23,9151,KDL,Kalinchowk Darshan Limited,820.0,820.0,795.0,813.0,286,229773.3,812.0,1194.5,730.0,2026-07-23T14:59:35.942926,813.0,20,803.4,5121.9
,2026-07-23,2933,KEF,Kumari Equity Fund,10.58,10.65,10.38,10.5,4200,44176.0,10.63,11.3,8.31,2026-07-23T14:24:31.725477,10.5,13,10.51,1050.0
,2026-07-23,9334,KHPL,Kalinchock Hydropower Limited,930.0,999.0,930.0,992.0,17900,17457081.9,960.0,1324.8,300.0,2026-07-23T14:59:59.007422,992.0,335,975.25,5456.0
,2026-07-23,2751,KKHC,Khanikhola Hydropower Co. Ltd.,265.0,269.0,264.0,266.5,42842,11409754.8,268.5,340.5,208.0,2026-07-23T14:59:52.615154,266.5,141,266.32,2482.26
,2026-07-23,593,KMCDB,Kalika Laghubitta Bittiya Sanstha Ltd,808.0,808.0,779.5,806.9,1276,1015055.1,803.0,1223.0,735.0,2026-07-23T14:59:58.803389,806.9,25,795.49,3618.64
,2026-07-23,2787,KPCL,Kalika power Company Ltd,470.0,477.0,469.4,473.0,5890,2777060.1,476.8,711.0,450.0,2026-07-23T14:59:57.758307,473.0,50,471.48,4726.81
,2026-07-23,459,KSBBL,Kamana Sewa Bikas Bank Limited,488.8,488.8,480.0,488.0,16398,7935303.2,486.0,588.0,404.1,2026-07-23T14:59:51.825012,488.0,116,483.91,18846.22
,2026-07-23,9241,KSY,Kumari Sabal Yojana,9.75,9.75,9.75,9.75,1400,13650.0,9.76,10.51,8.21,2026-07-23T13:58:18.323283,9.75,7,9.75,726.13
,2026-07-23,358,LBBL,Lumbini Bikas Bank Ltd.,491.2,502.0,491.0,502.0,53082,26288817.5,495.5,646.3,433.0,2026-07-23T14:59:59.217638,502.0,134,495.24,18190.86
,2026-07-23,2903,LEC,Liberty Energy Company Limited,220.0,223.0,216.2,222.6,70351,15459776.0,220.0,276.0,180.0,2026-07-23T14:59:55.112844,222.6,239,219.75,5008.5
,2026-07-23,188,LICN,Life Insurance Corporation (Nepal) Limited,844.0,844.0,790.2,803.9,6839,5459836.6,804.4,990.0,763.0,2026-07-23T14:59:32.457352,803.9,43,798.33,44214.5
,2026-07-23,618,LLBS,Laxmi Laghubitta Bittiya Sanstha Ltd.,910.0,937.0,910.0,937.0,70,64470.0,920.0,1300.5,819.4,2026-07-23T14:56:56.907411,937.0,7,921.0,4138.37
,2026-07-23,141,LSL,Laxmi Sunrise Bank Limited,214.0,227.0,214.0,227.0,259236,58276581.5,225.0,252.0,203.0,2026-07-23T14:59:58.4672,227.0,251,224.8,60793.24
,2026-07-23,286,LSLPO,Laxmi Sunrise Bank Limited Promoter Share,123.0,123.0,123.0,123.0,8201,1008723.0,123.0,123.0,100.0,2026-07-23T11:35:51.362329,123.0,1,123.0,580.19
,2026-07-23,2902,LUK,Laxmi Unnati Kosh,9.9,10.35,9.9,10.06,6820,70130.0,9.76,11.97,8.97,2026-07-23T14:17:16.423169,10.06,10,10.28,656.54
,2026-07-23,9198,LVF2,Laxmi Value Fund 2,9.8,9.81,9.8,9.81,1100,10781.0,9.75,11.45,8.76,2026-07-23T14:44:02.788301,9.81,8,9.8,784.8
,2026-07-23,9287,MABEL,Mabilung Energy Limited,621.0,630.9,614.2,630.9,12447,7715312.8,625.0,927.0,317.7,2026-07-23T14:59:46.012364,630.9,141,619.85,2434.16
,2026-07-23,9166,MAKAR,Makar Jitumaya Suri Hydropower Limited,433.2,458.9,433.2,450.0,35324,15913476.9,456.0,690.0,446.7,2026-07-23T14:59:41.80774,450.0,153,450.5,3420.0
,2026-07-23,9212,MANDU,Mandu Hydropower Limited,804.2,874.0,804.2,839.0,6108,5069769.0,824.0,970.0,766.0,2026-07-23T14:59:43.771111,839.0,81,830.02,11440.91
,2026-07-23,694,MATRI,Matribhumi Lagubitta Bittiya Sanstha Limited,848.5,864.9,828.0,864.0,768,648903.0,874.0,1279.9,786.3,2026-07-23T14:58:39.16748,864.0,27,844.92,5429.01
,2026-07-23,8031,MBJC,Madhya Bhotekoshi Jalavidyut Company Limited,270.1,278.1,270.1,278.1,9932,2726435.6,275.0,342.0,261.1,2026-07-23T14:56:04.796369,278.1,168,274.51,16686.0
,2026-07-23,140,MBL,Machhapuchhre Bank Limited,242.0,259.9,242.0,255.0,70137,17769500.3,254.0,284.0,205.0,2026-07-23T14:59:42.108269,255.0,191,253.35,30819.84
,2026-07-23,2866,MBLD2085,10.25% Machhapuchhre Bank Debenture 2085,1196.1,1205.0,1196.1,1225.0,75,90250.0,1233.0,1294.0,1121.2,2026-07-23T12:18:45.196653,1225.0,4,1203.33,3675.0
,2026-07-23,9257,MBLEF,MBL Equity Fund,10.01,10.2,10.01,10.2,2000,20071.0,10.2,10.8,8.63,2026-07-23T14:58:00.905212,10.2,13,10.03,1240.58
,2026-07-23,9175,MCHL,Menchhiyam Hydropower Limited,290.1,291.0,286.0,290.0,5549,1600914.5,293.0,584.0,262.0,2026-07-23T14:59:58.188601,290.0,67,288.5,1573.49
,2026-07-23,371,MDB,Miteri Development Bank Limited,600.5,600.5,585.0,593.9,2529,1488501.9,587.0,729.7,530.5,2026-07-23T14:59:20.228208,593.9,28,588.57,7228.36
,2026-07-23,9203,MEHL,Manakamana Engineering Hydropower Limited,315.0,317.2,307.5,313.3,1520,471572.3,315.0,519.0,290.0,2026-07-23T14:59:42.277151,313.3,37,310.24,2506.4
,2026-07-23,9179,MEL,Modi Energy Limited,218.0,223.9,218.0,220.0,22908,5044263.3,224.6,341.0,203.8,2026-07-23T14:59:53.153711,220.0,134,220.19,6380.0
,2026-07-23,2913,MEN,Mountain Energy Nepal Limited,595.0,595.0,590.3,594.8,41095,24424712.2,595.0,683.4,535.0,2026-07-23T14:59:58.314966,594.8,180,594.34,18577.14
,2026-07-23,1741,MERO,Mero Microfinance Bittiya Sanstha Ltd.,725.0,725.0,695.0,703.8,3326,2330041.5,708.0,988.0,655.0,2026-07-23T14:58:20.877722,703.8,44,700.55,10461.3
,2026-07-23,516,MFIL,Manjushree Finance Ltd.,775.0,799.8,775.0,797.0,11906,9433854.1,800.0,938.0,545.0,2026-07-23T14:59:41.689278,797.0,77,792.36,10771.88
,2026-07-23,9158,MHCL,Molung Hydropower Company Limited,315.5,325.0,315.2,324.0,3903,1252073.0,321.0,515.1,301.0,2026-07-23T14:59:55.327091,324.0,56,320.79,2600.1
,2026-07-23,8102,MHL,Mandakini Hydropower Limited,483.0,489.8,477.6,489.8,3249,1566309.0,485.0,664.0,445.0,2026-07-23T14:59:57.606673,489.8,28,482.08,3167.87
,2026-07-23,2811,MHNL,Mountain Hydro Nepal Limited,242.5,246.0,237.7,245.0,12010,2907293.2,242.9,324.0,223.0,2026-07-23T14:53:19.013471,245.0,67,242.07,3062.5
,2026-07-23,9230,MKCL,Muktinath Krishi Company Limited,1160.0,1179.0,1131.2,1141.0,1005,1149953.0,1160.0,1900.0,1043.0,2026-07-23T14:59:27.685406,1141.0,36,1144.23,8625.96
,2026-07-23,9149,MKHC,Maya Khola Hydropower Company Limited,294.0,299.4,294.0,299.0,6383,1891551.1,300.0,503.4,275.0,2026-07-23T14:54:43.059871,299.0,48,296.34,2990.0
,2026-07-23,9167,MKHL,Mai Khola Hydropower Limited,501.0,528.9,490.0,512.0,3010,1520230.6,514.5,954.9,457.0,2026-07-23T14:59:57.202556,512.0,43,505.06,2007.84
,2026-07-23,8005,MKJC,Mailung Khola Jal Vidhyut Company Limited,488.2,488.2,458.8,480.0,16210,7647343.5,465.0,635.0,434.1,2026-07-23T14:59:54.930951,480.0,101,471.76,1806.34
,2026-07-23,601,MLBBL,Mithila LaghuBitta Bittiya Sanstha Limited,1147.1,1159.9,1134.0,1159.9,960,1106795.3,1147.1,1690.0,1076.7,2026-07-23T14:59:28.108826,1159.9,20,1152.91,2967.53
,2026-07-23,401,MLBL,Mahalaxmi Bikas Bank Ltd.,355.7,360.0,355.0,360.0,13600,4847887.9,358.9,468.6,340.1,2026-07-23T14:59:48.725102,360.0,47,356.46,16240.61
,2026-07-23,8018,MLBS,Manushi Laghubitta Bittiya Sanstha Limited,1160.6,1198.0,1160.6,1180.0,86,101614.0,1190.0,1900.0,1113.0,2026-07-23T14:50:36.699954,1180.0,8,1181.55,1290.63
,2026-07-23,2925,MLBSL,Mahila Lagubitta Bittiya Sanstha Limited ,1711.0,1740.0,1710.0,1738.0,317,544966.0,1711.0,2398.0,1633.0,2026-07-23T14:59:36.810759,1738.0,10,1719.13,3781.24
,2026-07-23,8023,MMF1,Mega Mutual Fund -1,9.4,9.5,9.12,9.5,5203,48011.88,9.69,10.16,8.22,2026-07-23T14:58:09.119139,9.5,23,9.22,1187.5
,2026-07-23,9217,MMKJL,Mathillo Mailun Khola Jalvidhyut Limited,456.0,475.0,449.2,475.0,6192,2864474.0,463.4,699.9,429.1,2026-07-23T14:59:57.618615,475.0,58,462.6,4750.0
,2026-07-23,474,MNBBL,Muktinath Bikas Bank Ltd.,370.0,377.0,368.1,377.0,25308,9431469.2,372.0,503.0,340.1,2026-07-23T14:59:59.074737,377.0,114,372.66,30161.47
,2026-07-23,9245,MNMF1,Muktinath Mutual Fund 1,9.8,9.87,9.8,9.87,2020,19894.4,9.85,10.4,8.53,2026-07-23T14:23:30.695232,9.87,13,9.84,1233.75
,2026-07-23,471,MPFL,Multipurpose Finance Company  Limited,610.0,626.0,606.0,625.0,22732,13958582.3,621.8,744.0,491.0,2026-07-23T14:59:59.674614,625.0,144,614.04,3813.75
,2026-07-23,9215,MSHL,Mid Solu Hydropower Limited,666.7,666.7,591.0,627.3,1005,615261.4,635.0,955.0,576.0,2026-07-23T13:44:56.64577,627.3,18,612.2,5398.92
,2026-07-23,2768,MSLB,Mahuli Laghubitta Bittiya Sanstha Limited,1220.0,1237.0,1204.1,1215.0,1110,1344241.0,1221.0,1710.0,1089.9,2026-07-23T14:51:56.487021,1215.0,12,1211.02,4708.07
,2026-07-23,2928,MSLBP,Mahuli Laghubitta Bittiya Sanstha Limited Promoter,735.0,735.0,735.0,735.0,20000,14700000.0,735.0,735.0,405.0,2026-07-23T14:17:01.787229,735.0,2,735.0,848.78
,2026-07-23,172,NABBC,Narayani Development Bank Limited,798.0,798.0,770.2,793.0,5634,4387366.4,792.0,1835.0,662.0,2026-07-23T14:59:31.181168,793.0,59,778.73,4162.74
,2026-07-23,131,NABIL,Nabil Bank Limited,546.0,550.0,545.0,550.0,40281,22089641.4,546.8,563.0,471.0,2026-07-23T14:59:41.907072,550.0,401,548.38,148813.49
,2026-07-23,9299,NABILD2089,7% Nabil Debenture 2089,1088.0,1088.0,1056.0,1056.0,125,135200.0,1057.0,1154.0,1000.0,2026-07-23T14:46:45.757285,1056.0,2,1081.6,3168.0
,2026-07-23,2784,NADEP,Nadep Laghubittiya bittya Sanstha Ltd.,747.0,760.0,726.0,760.0,386,285255.5,747.0,1046.0,696.0,2026-07-23T14:55:22.418122,760.0,17,739.0,3691.78
,2026-07-23,2854,NBBD2085,10.25% NBBL Debenture 2085,1096.9,1100.0,1096.9,1100.0,10000,10999969.0,1065.0,1206.3,1078.6,2026-07-23T14:33:19.612921,1100.0,2,1099.99,2200.0
,2026-07-23,2835,NBF2,NABIL BALANCED FUND-2,10.08,10.31,10.08,10.31,4000,41217.0,10.09,11.1,8.89,2026-07-23T13:58:49.91959,10.31,3,10.3,1154.72
,2026-07-23,8024,NBF3,Nabil Balanced Fund-3,10.0,10.1,9.9,10.0,11871,118737.1,10.01,10.67,8.35,2026-07-23T14:59:49.595943,10.0,20,10.0,1250.0
,2026-07-23,517,NBL,Nepal Bank Limited,268.9,269.6,265.2,269.0,28186,7541076.8,268.9,313.0,225.4,2026-07-23T14:59:58.119385,269.0,134,267.54,39526.92
,2026-07-23,8041,NESDO,NESDO Sambridha Laghubitta Bittiya Sanstha Limited,1544.2,1544.2,1500.0,1516.0,431,648724.2,1503.1,1879.0,1380.1,2026-07-23T14:54:34.007273,1516.0,18,1505.16,4416.68
,2026-07-23,194,NFS,Nepal Finance Ltd.,578.5,587.9,578.2,584.0,3795,2209962.9,582.6,851.0,550.0,2026-07-23T14:59:58.957496,584.0,49,582.33,4899.43
,2026-07-23,2743,NGPL,Ngadi Group Power Ltd.,424.0,424.0,417.4,419.0,203489,85451049.5,423.4,502.0,343.0,2026-07-23T14:59:53.69994,419.0,442,419.92,16250.62
,2026-07-23,2769,NHDL,Nepal Hydro Developers Ltd.,647.0,648.0,636.5,646.9,896,575568.6,646.0,796.0,606.3,2026-07-23T14:59:55.810255,646.9,24,642.37,2737.26
,2026-07-23,152,NHPC,National Hydro Power Company Limited,299.0,299.0,281.1,284.0,356524,101220418.3,285.4,340.0,178.6,2026-07-23T14:59:59.21513,284.0,723,283.9,7004.68
,2026-07-23,2931,NIBD84,8.5% Nepal Investment Bank Debenture 2084,1034.0,1040.0,1034.0,1036.0,75,77750.0,1040.0,1130.0,1013.1,2026-07-23T14:27:30.31684,1036.0,3,1036.66,4144.0
,2026-07-23,9138,NIBLGF,NIBL Growth Fund,9.23,9.25,9.2,9.25,2150,19865.5,9.5,11.81,8.24,2026-07-23T14:01:22.321998,9.25,9,9.23,1221.0
,2026-07-23,9244,NIBLSTF,NIBL Stable Fund,8.6,8.85,8.6,8.85,6740,59299.31,8.6,10.85,8.02,2026-07-23T13:57:57.533338,8.85,11,8.79,1000.05
,2026-07-23,4949,NIBSF2,NIBL Samriddhi Fund -2,8.57,8.9,8.57,8.89,2826,24855.74,8.82,11.13,8.1,2026-07-23T14:40:52.865058,8.89,12,8.79,1333.5
,2026-07-23,139,NICA,NIC Asia Bank Ltd.,324.0,349.0,324.0,341.0,32463,10960211.2,340.9,418.8,304.5,2026-07-23T14:59:57.561081,341.0,159,337.62,50868.9
,2026-07-23,2868,NICD83/84,10.25% NIC Asia Debenture 2083/84,1048.0,1048.0,1048.0,1048.0,20,20960.0,1079.9,1149.0,1036.0,2026-07-23T14:54:48.993058,1048.0,2,1048.0,2037.0
,2026-07-23,7986,NICD88,NIC ASIA Rinpatra 2088,1100.0,1100.0,1100.0,1100.0,25,27500.0,1115.0,1153.0,1019.2,2026-07-23T13:23:33.966848,1100.0,1,1100.0,1731.26
,2026-07-23,8073,NICFC,NIC Asia Flexi CAP Fund,9.02,9.1,9.02,9.1,900,8154.0,9.27,10.4,8.37,2026-07-23T14:50:32.844428,9.1,9,9.06,92.82
,2026-07-23,9236,NICGF2,NIC ASIA Growth Fund-2,9.0,9.28,9.0,9.28,1200,10933.0,9.11,10.13,8.33,2026-07-23T14:51:22.847785,9.28,11,9.11,839.84
,2026-07-23,176,NICL,Nepal Insurance Co. Ltd.,519.0,524.0,513.0,520.0,11905,6147098.9,519.0,699.9,475.0,2026-07-23T14:59:57.373004,520.0,80,516.34,13252.59
,2026-07-23,2887,NICLBSL,NIC ASIA Laghubitta Bittiya Sanstha Limited,560.0,570.0,556.0,560.0,5822,3253341.3,564.9,764.0,527.0,2026-07-23T14:59:57.179814,560.0,58,558.8,9740.86
,2026-07-23,4967,NICSF,NIC Asia Select Fund 30,8.9,9.2,8.8,9.2,824,7490.8,9.0,9.99,8.04,2026-07-23T14:02:40.097277,9.2,6,9.09,1150.0
,2026-07-23,2919,NIFRA,Nepal Infrastructure Bank Limited,252.0,255.0,250.1,254.0,84407,21286610.6,255.0,328.1,240.0,2026-07-23T14:59:47.753992,254.0,384,252.19,54864.0
,2026-07-23,9261,NIFRAGED,Nifra Green Energy Debenture 6% - 2088/89,1030.0,1030.0,1030.0,1030.0,25,25750.0,1030.0,1200.2,948.0,2026-07-23T13:36:10.345754,1030.0,1,1030.0,5150.0
,2026-07-23,183,NIL,Neco Insurance Limited,632.0,632.0,617.2,629.9,1431,893553.5,631.1,779.9,562.0,2026-07-23T14:59:54.544325,629.9,38,624.42,17462.58
,2026-07-23,132,NIMB,Nepal Investment Mega Bank Limited,190.0,201.0,190.0,198.4,69542,13682696.4,197.0,247.0,184.0,2026-07-23T14:59:58.455326,198.4,259,196.75,67711.13
,2026-07-23,469,NIMBPO,Nepal Investment Mega Bank Ltd. Promoter Share,142.6,145.0,142.6,145.0,4030,580556.3,147.0,184.5,139.0,2026-07-23T14:59:56.724415,145.0,17,144.05,26545.93
,2026-07-23,559,NLG,NLG Insurance Company Ltd.,588.0,595.0,582.0,595.0,17184,10104966.6,594.0,976.2,546.0,2026-07-23T14:59:56.361163,595.0,57,588.04,15873.61
,2026-07-23,187,NLIC,Nepal Life Insurance Co. Ltd.,802.0,802.0,760.1,763.0,21570,16479324.2,764.0,890.0,702.0,2026-07-23T14:59:58.111284,763.0,165,763.99,72333.94
,2026-07-23,178,NLICL,National Life Insurance Co. Ltd.,580.6,590.0,577.0,583.0,6968,4084626.7,589.0,690.0,539.0,2026-07-23T14:59:53.00829,583.0,24,586.19,33182.31
,2026-07-23,238,NMB,NMB Bank Limited,232.0,245.0,232.0,243.1,26596,6467159.2,243.9,283.0,230.0,2026-07-23T14:59:46.785651,243.1,161,243.16,46881.94
,2026-07-23,9254,NMBHF2,NMB Hybrid Fund L- II,9.84,9.84,9.56,9.7,3600,34814.0,9.6,10.2,8.57,2026-07-23T14:59:00.634855,9.7,9,9.67,1323.89
,2026-07-23,704,NMBMF,NMB  Microfinance Bittiya Sanstha Ltd.,612.4,635.0,612.4,635.0,2174,1371295.7,621.0,826.0,582.0,2026-07-23T14:40:48.73949,635.0,22,630.77,4581.2
,2026-07-23,2746,NMFBS,National Laghubitta Bittiya Sanstha Limited,1125.0,1140.0,1125.0,1130.0,7064,7985370.4,1130.0,1504.0,1051.9,2026-07-23T14:59:41.608227,1130.0,38,1130.43,17191.4
,2026-07-23,9250,NMIC,Nepal Micro Insurance Company Limited,950.0,978.3,950.0,970.0,2693,2581473.6,977.0,1745.0,860.0,2026-07-23T14:56:58.248213,970.0,83,958.58,7275.0
,2026-07-23,396,NMLBBL,Nerude Mirmire Laghubitta Bittiya Sanstha Limited,531.0,545.0,530.0,545.0,4896,2622121.8,545.0,807.0,496.1,2026-07-23T14:58:17.396192,545.0,42,535.56,7617.82
,2026-07-23,2881,NRIC,Nepal Reinsurance Company Limited,1000.0,1008.0,990.0,996.0,29266,29167329.9,1007.1,1842.0,865.0,2026-07-23T14:59:50.35057,996.0,210,996.62,133684.98
,2026-07-23,9183,NRM,Nepal Republic Media Limited,332.0,332.0,317.0,329.2,11195,3633711.3,325.0,590.0,295.1,2026-07-23T14:59:47.680151,329.2,100,324.58,3185.01
,2026-07-23,2898,NRN,NRN Infrastructure and Development Limited,1480.0,1510.0,1480.0,1487.1,108726,162454836.8,1519.9,2444.0,1280.0,2026-07-23T14:59:59.536466,1487.1,471,1494.16,26739.86
,2026-07-23,8125,NSIF2,NMB Sulav Investment Fund - 2,10.61,10.8,10.61,10.67,7675,82696.4,10.65,11.93,9.75,2026-07-23T14:50:54.048631,10.67,9,10.77,1302.81
,2026-07-23,9312,NSY,Nepal Life Samriddhi Lagani Yojana,9.21,9.5,9.21,9.5,13500,127929.0,9.38,10.19,9.0,2026-07-23T14:54:39.50493,9.5,17,9.47,1900.0
,2026-07-23,307,NTC,Nepal Doorsanchar Company Limited,860.0,860.0,855.0,859.0,3472,2979164.3,857.1,942.5,762.5,2026-07-23T14:59:58.61227,859.0,81,858.05,154620.0
,2026-07-23,163,NUBL,Nirdhan Utthan Laghubitta Bittiya Sanstha Limited,636.0,636.0,618.1,634.4,2126,1333443.4,629.0,854.4,582.2,2026-07-23T14:53:13.047848,634.4,31,627.2,17399.59
,2026-07-23,9233,NWCL,Nepal Warehousing Company Limited ,721.9,742.9,720.0,742.9,1960,1423443.0,733.9,1045.0,691.0,2026-07-23T14:59:55.849094,742.9,38,726.24,5107.44
,2026-07-23,8026,NYADI,Nyadi Hydropower Limited,367.1,379.0,367.1,379.0,2387,888972.4,372.0,484.0,341.0,2026-07-23T14:59:19.806522,379.0,48,372.42,5685.0
,2026-07-23,149,OHL,Oriental Hotels Limited,680.0,688.5,680.0,688.5,605,412954.5,685.0,940.0,633.1,2026-07-23T14:58:26.269273,688.5,11,682.56,8155.25
,2026-07-23,9256,OMPL,Om Megashree Pharmaceuticals Limited,960.0,1004.0,950.0,996.1,5972,5891697.5,978.0,1590.0,848.0,2026-07-23T14:59:51.881743,996.1,149,986.55,5976.6
,2026-07-23,357,PCBL,Prime Commercial Bank Ltd.,227.1,244.9,227.1,239.0,29928,7124140.1,239.0,284.0,225.0,2026-07-23T14:59:51.456241,239.0,144,238.04,50081.93
,2026-07-23,9330,PCIL,Palpa Cement Industries Limited,631.8,701.0,631.8,687.0,58160,38883975.3,665.0,1280.0,300.0,2026-07-23T14:59:58.603682,687.0,944,668.56,25762.5
,2026-07-23,8133,PHCL,Peoples Hydropower Company Limited,304.1,307.4,302.4,306.0,24811,7550164.6,305.9,564.0,249.7,2026-07-23T14:59:48.341455,306.0,175,304.3,9792.0
,2026-07-23,2786,PMHPL,Panchakanya Mai Hydropower Ltd,321.5,329.5,321.5,328.9,2640,859388.5,328.0,468.0,287.0,2026-07-23T14:59:53.984269,328.9,36,325.52,3617.9
,2026-07-23,2915,PMLI,Prabhu Mahalaxmi Life Insurance Limited,443.0,484.0,443.0,465.0,7836,3565407.0,445.0,572.0,424.2,2026-07-23T14:59:58.159651,465.0,109,455.0,24681.24
,2026-07-23,2813,PPCL,Panchthar Power Compant Limited,355.5,355.5,342.4,353.0,7149,2474324.1,349.0,462.0,284.1,2026-07-23T14:59:57.879026,353.0,61,346.1,3397.63
,2026-07-23,8122,PPL,People's Power Limited,322.1,340.0,322.1,338.9,23596,7921872.1,339.0,428.4,263.2,2026-07-23T14:59:51.613355,338.9,125,335.72,3215.82
,2026-07-23,184,PRIN,Prabhu Insurance Ltd.,685.0,690.0,680.0,688.0,5611,3827585.8,685.0,909.4,630.0,2026-07-23T14:59:37.404078,688.0,48,682.15,12720.7
,2026-07-23,338,PROFL,Progressive Finance Limited,446.0,446.0,437.0,443.5,4575,2008868.3,444.0,589.2,415.0,2026-07-23T14:59:20.239876,443.5,28,439.09,3796.83
,2026-07-23,9174,PRSF,Prabhu Smart Fund,12.98,12.98,12.9,12.98,3890,50332.2,12.68,13.61,9.85,2026-07-23T14:58:41.487725,12.98,5,12.93,1298.0
,2026-07-23,255,PRVU,Prabhu  Bank Limited,186.0,199.0,186.0,195.9,72972,14229564.0,195.0,250.9,179.9,2026-07-23T14:59:29.721456,195.9,272,195.0,46119.74
,2026-07-23,4947,PSF,Prabhu Select Fund,11.72,12.36,11.72,12.0,14800,177258.0,12.0,13.0,9.91,2026-07-23T14:48:51.456979,12.0,11,11.97,1500.0
,2026-07-23,9258,PURE,Pure Energy Limited,840.8,890.0,840.8,890.0,5046,4408793.9,885.0,1262.0,706.2,2026-07-23T14:59:56.746062,890.0,97,873.72,7120.0
,2026-07-23,2776,RADHI,Radhi Bidyut Company Ltd,720.0,763.8,720.0,754.0,65510,49005702.7,745.1,940.0,618.8,2026-07-23T14:59:26.799873,754.0,166,748.06,13865.91
,2026-07-23,9181,RAWA,Rawa Energy Development Limited,464.0,464.0,433.0,442.0,23955,10497615.8,442.0,851.7,399.0,2026-07-23T14:59:59.577914,442.0,171,438.22,1237.6
,2026-07-23,9302,RBBF40,RBB Focus 40,9.07,9.2,9.01,9.19,176251,1597370.55,9.34,10.36,8.98,2026-07-23T14:58:57.921423,9.19,38,9.06,1148.75
,2026-07-23,177,RBCL,Rastriya Beema Company Limited,14900.0,14900.0,14500.0,14895.0,60,880450.0,14474.0,16900.0,14015.0,2026-07-23T14:59:53.687897,14895.0,5,14674.16,39715.51
,2026-07-23,8066,RFPL,River Falls Power Limited,329.0,345.0,329.0,344.0,12529,4297049.0,345.0,785.0,306.0,2026-07-23T14:59:42.644191,344.0,100,342.96,4816.0
,2026-07-23,8108,RHGCL,Rapti Hydro And General Construction Limited,266.2,278.0,262.7,270.0,40902,10892036.3,272.2,383.5,217.2,2026-07-23T14:58:28.799017,270.0,103,266.29,3309.09
,2026-07-23,2841,RHPL,RASUWAGADHI HYDROPOWER COMPANY LIMITED,268.0,268.0,263.3,267.0,9989,2651994.5,265.1,369.0,252.0,2026-07-23T14:59:28.459588,267.0,101,265.49,18268.41
,2026-07-23,610,RIDI,Ridi Power Company Limited,380.0,384.0,375.0,378.1,658719,249220390.0,386.0,393.0,203.5,2026-07-23T14:59:58.242786,378.1,1240,378.34,8784.59
,2026-07-23,9324,RLEL,Ridge Line Energy Limited,867.1,948.4,867.1,940.0,19571,17847418.4,893.9,1592.3,300.0,2026-07-23T14:59:58.50312,940.0,344,911.93,11139.0
,2026-07-23,587,RLFL,Reliance Finance Ltd.,490.0,490.0,460.0,479.0,32135,15158532.0,473.0,558.0,398.0,2026-07-23T14:59:59.352791,479.0,154,471.71,5371.75
,2026-07-23,4968,RMF1,RBB Mutual Fund 1,10.15,10.15,9.53,9.9,245740,2367057.0,9.67,11.4,8.65,2026-07-23T14:59:50.138517,9.9,23,9.63,1237.5
,2026-07-23,9199,RNLI,Reliable Nepal Life Insurance Limited,445.1,458.0,445.1,458.0,13601,6177998.5,456.7,526.0,416.0,2026-07-23T14:59:33.001296,458.0,185,454.23,23801.34
,2026-07-23,2748,RSDC,RSDC Laghubitta Bittiya Sanstha Ltd.,676.0,677.0,663.0,675.0,1340,896965.0,677.0,880.0,578.7,2026-07-23T14:59:26.997342,675.0,25,669.37,6979.94
,2026-07-23,9306,RSML,Reliance Spinning Mills Limited,3510.0,3791.0,3484.9,3516.0,80405,283319144.7,3681.0,5049.0,300.0,2026-07-23T14:59:58.018473,3516.0,973,3523.65,66804.0
,2026-07-23,9259,RSY,Reliable Samriddhi Yojana,10.03,10.35,10.03,10.35,1700,17315.0,10.29,10.7,8.63,2026-07-23T14:48:25.081052,10.35,16,10.18,1242.0
,2026-07-23,2935,RURU,Ru Ru Jalbidhyut Pariyojana Limited,625.0,634.9,625.0,634.0,6452,4056081.9,626.4,853.0,591.0,2026-07-23T14:59:56.871294,634.0,44,628.65,3956.51
,2026-07-23,9305,SABBL,Salapa Bikas Bank Limited,1020.3,1133.0,1020.3,1119.0,42190,46402793.7,1074.0,2000.0,300.0,2026-07-23T14:59:59.501221,1119.0,628,1099.85,5845.52
,2026-07-23,472,SADBL,Shangrila Development Bank Ltd.,425.0,427.0,420.0,427.0,21539,9121327.4,425.0,526.5,376.0,2026-07-23T14:55:46.093927,427.0,86,423.47,15944.47
,2026-07-23,9294,SAGAR,Sagar Distillery Limited,1750.0,1850.0,1750.0,1820.0,29234,53151412.5,1795.0,2439.0,319.5,2026-07-23T14:58:45.655014,1820.0,413,1818.13,13213.2
,2026-07-23,9139,SAGF,Sanima Growth Fund,10.05,10.2,10.05,10.2,2440,24702.5,10.12,11.31,8.79,2026-07-23T14:10:42.257798,10.2,10,10.12,685.98
,2026-07-23,8021,SAHAS,Sahas Urja Limited,666.0,667.9,658.2,664.0,65752,43561334.8,662.0,716.6,535.3,2026-07-23T14:59:54.855476,664.0,363,662.5,30370.03
,2026-07-23,9301,SAIL,Shreenagar Agritech Industries Limited,1050.0,1150.5,1050.0,1145.0,97608,108663415.0,1083.8,1690.0,301.7,2026-07-23T14:59:59.401537,1145.0,1125,1113.26,18677.81
,2026-07-23,185,SALICO,Sagarmatha Lumbini Insurance Co. Limited,589.2,610.0,589.2,604.0,1399,841876.6,599.0,765.9,570.0,2026-07-23T14:52:19.474211,604.0,22,601.77,15840.73
,2026-07-23,171,SANIMA,Sanima Bank Limited,367.9,367.9,363.4,366.0,24603,8999682.7,367.3,391.0,295.0,2026-07-23T14:59:50.418587,366.0,140,365.79,49708.38
,2026-07-23,9263,SANVI,Sanvi Energy Limited,595.0,634.9,595.0,634.0,16633,10267000.7,607.0,1060.0,487.2,2026-07-23T14:59:24.956996,634.0,266,617.26,5579.2
,2026-07-23,2860,SAPDBL,Saptakoshi Development Bank Ltd,754.8,796.1,754.8,791.5,27409,21543853.1,794.5,1065.7,686.0,2026-07-23T14:59:58.368708,791.5,119,786.01,6603.79
,2026-07-23,9242,SARBTM,Sarbottam Cement Limited,808.0,808.0,783.8,798.0,5592,4415943.0,790.0,1048.0,750.0,2026-07-23T14:59:49.15123,798.0,60,789.68,41689.71
,2026-07-23,2937,SBCF,Sunrise Bluechip Fund,9.66,10.18,9.66,10.18,6400,64313.0,9.65,12.03,8.82,2026-07-23T14:52:45.071036,10.18,19,10.04,1272.5
,2026-07-23,135,SBI,Nepal SBI Bank Limited,392.0,415.0,392.0,409.0,7387,3002986.7,412.0,451.4,363.0,2026-07-23T14:59:57.507339,409.0,70,406.52,46360.66
,2026-07-23,8110,SBID83,10.25% Nepal SBI Bank Debenture 2083,1060.0,1060.0,1060.0,1060.0,20,21200.0,1088.4,1226.0,1050.0,2026-07-23T13:26:47.150933,1060.0,1,1060.0,2545.57
,2026-07-23,145,SBL,Siddhartha Bank Limited,380.4,407.0,380.4,406.0,113029,45701142.0,400.4,424.0,320.5,2026-07-23T14:59:40.413593,406.0,268,404.33,60065.59
,2026-07-23,9271,SBLD2091,7.25% SBL Debenture 2091,1060.0,1060.0,1060.0,1060.0,81,85860.0,1079.3,1150.0,109.0,2026-07-23T13:16:44.454098,1060.0,1,1060.0,2650.0
,2026-07-23,2864,SBLD83,10.25% SBL Debenture 2083,1040.0,1040.0,1038.0,1038.0,93,96674.0,1070.0,1116.5,1038.0,2026-07-23T14:57:04.698156,1038.0,4,1039.5,2595.0
,2026-07-23,8098,SBLD89,10.75% SBL Debenture 2089,1260.0,1270.0,1260.0,1270.0,600,761616.0,1251.0,1450.0,1190.0,2026-07-23T12:36:41.616714,1270.0,7,1269.36,5080.0
,2026-07-23,133,SCB,Standard Chartered Bank Limited,625.2,670.0,625.2,655.2,1974,1291361.5,658.1,712.6,594.9,2026-07-23T14:59:39.491275,655.2,55,654.18,65797.6
,2026-07-23,9177,SCBD,10.30% Standard Chartered Bank Limited Debenture,1135.0,1135.0,1135.0,1135.0,33,37455.0,1130.0,1236.0,1080.0,2026-07-23T11:43:35.3734,1135.0,1,1135.0,2724.0
,2026-07-23,2770,SEF,Siddhartha Equity Fund,10.18,10.38,10.1,10.38,7200,73738.0,10.18,11.53,8.6,2026-07-23T14:59:56.961732,10.38,8,10.24,1557.0
,2026-07-23,9154,SFEF,Sunrise Focused Equity Fund,10.0,10.0,10.0,10.0,900,9000.0,10.0,11.12,8.82,2026-07-23T13:28:51.918672,10.0,4,10.0,1000.0
,2026-07-23,2877,SFMF,Sunrise First Mutual Fund,10.5,10.5,10.5,10.5,11786,123753.0,10.3,11.74,9.4,2026-07-23T14:58:01.8359,10.5,6,10.5,903.0
,2026-07-23,8100,SGHC,Swet-Ganga Hydropower & Construction Limited ,330.0,330.0,324.1,325.0,61027,19856142.1,333.0,501.8,296.0,2026-07-23T14:59:50.307707,325.0,183,325.36,5177.25
,2026-07-23,9345,SGHL,Sanigad Hydro Limited,521.0,552.0,510.0,550.0,109172,58185687.9,528.0,563.0,299.3,2026-07-23T14:59:58.769975,550.0,3818,532.97,15675.0
,2026-07-23,2908,SGIC,Sanima GIC Insurance Limited,470.0,478.8,470.0,478.8,6542,3089362.9,472.0,632.0,437.0,2026-07-23T14:56:12.097431,478.8,64,472.23,10808.91
,2026-07-23,2934,SHEL,Singati Hydro Energy Limited,306.0,312.5,306.0,312.5,58597,18099183.7,308.9,361.0,262.0,2026-07-23T14:59:57.532978,312.5,244,308.87,9515.63
,2026-07-23,473,SHINE,Shine Resunga Development Bank Ltd.,414.0,417.0,410.0,417.0,11786,4871299.8,414.0,499.0,382.0,2026-07-23T14:57:18.420676,417.0,72,413.31,20941.63
,2026-07-23,2809,SHIVM,SHIVAM CEMENTS LTD,650.0,660.0,648.1,660.0,58438,38256887.7,656.0,730.0,524.0,2026-07-23T14:59:58.507395,660.0,311,654.65,36915.31
,2026-07-23,147,SHL,Soaltee Hotel Limited,498.0,504.4,496.4,499.6,9794,4895109.6,502.0,619.0,464.0,2026-07-23T14:56:46.484052,499.6,45,499.8,58710.62
,2026-07-23,8132,SHLB,Shrijanshil Laghubitta Bittiya Sanstha Limited,1480.0,1498.0,1456.0,1498.0,70,102870.0,1524.0,2170.0,1395.0,2026-07-23T14:59:45.6461,1498.0,7,1469.57,1638.44
,2026-07-23,591,SHPC,Sanima Mai Hydropower Ltd.,538.0,538.0,507.5,515.9,42994,22519829.7,512.6,664.9,475.0,2026-07-23T14:59:56.985787,515.9,118,523.79,19284.31
,2026-07-23,192,SICL,Shikhar Insurance Co. Ltd.,645.8,645.8,623.0,634.0,3608,2272016.3,635.0,828.0,588.8,2026-07-23T14:59:56.310196,634.0,48,629.71,19663.94
,2026-07-23,244,SIFC,Shree Investment Finance Co. Ltd.,520.0,535.0,520.0,533.0,7222,3794657.1,527.0,687.4,459.0,2026-07-23T14:59:52.377889,533.0,48,525.43,5330.0
,2026-07-23,9182,SIGS3,Siddhartha Investment Growth Scheme 3,10.5,10.6,10.35,10.6,376585,3991711.0,10.5,11.58,8.5,2026-07-23T14:59:46.046495,10.6,14,10.59,854.15
,2026-07-23,8126,SIKLES,Sikles Hydropower Limited,555.1,570.0,555.1,567.0,6009,3378994.2,564.0,1177.0,540.0,2026-07-23T14:59:58.379712,567.0,72,562.32,5542.43
,2026-07-23,561,SINDU,Sindhu Bikash Bank Ltd,692.9,733.8,692.9,719.0,3025,2162784.4,729.3,919.9,608.0,2026-07-23T14:59:59.759853,719.0,55,714.97,4008.11
,2026-07-23,9329,SIPD,Shikhar power Development Limited,668.1,745.0,668.1,745.0,51184,36224648.9,686.9,1216.8,284.3,2026-07-23T14:59:58.627411,745.0,734,707.73,7301.0
,2026-07-23,2842,SJCL,SANJEN JALAVIDHYUT COMPANY LIMITED,276.3,284.0,276.0,284.0,9553,2668485.0,283.0,365.0,263.2,2026-07-23T14:59:23.804918,284.0,101,279.33,10366.0
,2026-07-23,403,SJLIC,SuryaJyoti Life Insurance Company Limited,416.0,427.0,416.0,424.9,12230,5172089.5,421.9,489.9,390.0,2026-07-23T14:58:30.207607,424.9,125,422.9,21295.77
,2026-07-23,574,SKBBL,Sana Kisan Bikas Laghubitta Bittiya Sanstha Limited,762.0,770.0,760.0,767.0,6698,5130602.7,767.5,995.0,740.0,2026-07-23T14:59:13.230531,767.0,69,765.99,37791.4
,2026-07-23,9325,SKHEL,Suryakunda Hydro Electric Limited,980.0,1087.0,960.0,1060.0,12382,12714673.5,1008.0,2069.4,284.3,2026-07-23T14:59:53.749566,1060.0,230,1026.86,7310.55
,2026-07-23,9323,SKHL,Super Khudi Hydropower Limited,904.0,929.9,881.2,929.0,17258,15774369.2,905.0,1360.0,300.0,2026-07-23T14:59:46.819298,929.0,328,914.03,14399.5
,2026-07-23,545,SLBBL,Swarojgar Laghubitta Bittiya Sanstha Ltd.,802.1,820.0,802.1,814.0,2409,1953258.2,811.3,1155.0,770.1,2026-07-23T14:56:53.976151,814.0,33,810.81,7290.46
,2026-07-23,2804,SLBSL,Samudayik Laghubitta Bittiya Sanstha Limited,1100.0,1110.0,1081.1,1092.0,2568,2808985.0,1109.0,1682.0,1082.0,2026-07-23T14:59:56.271699,1092.0,40,1093.84,1865.19
,2026-07-23,2923,SLCF,Sanima Large Cap Fund,9.95,10.24,9.95,10.24,400,4013.0,10.1,11.99,8.6,2026-07-23T13:01:34.118609,10.24,4,10.03,1228.8
,2026-07-23,2761,SMATA,Samata Gharelu Laghubitta Bittiya Sanstha Limited,740.0,759.7,740.0,759.7,572,428534.7,751.1,1382.0,713.5,2026-07-23T14:59:43.633605,759.7,32,749.18,5017.85
,2026-07-23,2771,SMB,Support Microfinance Bittiya Sanstha Ltd.,1878.8,1878.8,1822.0,1848.0,2058,3764445.3,1844.1,2600.0,1699.0,2026-07-23T14:59:55.949753,1848.0,44,1829.17,2477.72
,2026-07-23,2829,SMFBS,Swabhimaan Laghubitta Bittiya Sanstha Limited,1567.0,1578.9,1550.0,1578.0,735,1144169.0,1575.0,2026.0,1420.0,2026-07-23T14:59:59.18766,1578.0,21,1556.69,2421.37
,2026-07-23,9148,SMH,Super Mai Hydropower Limited,515.0,516.0,509.0,514.9,22173,11332608.2,514.0,1024.8,482.6,2026-07-23T14:59:34.427091,514.9,125,511.09,3305.66
,2026-07-23,9146,SMHL,Super Madi Hydropower Limited,481.1,490.0,481.1,488.0,24159,11735283.3,484.5,1230.0,443.0,2026-07-23T14:59:40.059713,488.0,104,485.75,11298.42
,2026-07-23,9159,SMJC,Sagarmatha Jalabidhyut Company Limited,438.0,447.0,435.0,440.0,9714,4262711.6,449.8,679.3,422.1,2026-07-23T14:55:19.018261,440.0,88,438.82,5162.08
,2026-07-23,2896,SMPDA,Sampada Laghubitta Bittiya Sanstha Limited,800.0,800.0,777.0,785.0,415,326685.8,792.0,1155.0,730.0,2026-07-23T14:55:15.250736,785.0,21,787.19,5501.74
,2026-07-23,9201,SNLI,Sun Nepal Life Insurance Company Limited,435.0,440.0,433.5,438.1,6454,2816910.2,440.0,538.0,411.6,2026-07-23T14:59:51.165128,438.1,178,436.45,23143.92
,2026-07-23,9344,SNORL,Snow Rivers Limited,851.0,1006.2,851.0,995.0,44496,41242041.5,875.0,904.4,298.7,2026-07-23T14:59:57.864425,995.0,1401,926.87,9328.13
,2026-07-23,9311,SOHL,Solu Hydropower Limited,584.0,627.2,571.0,623.0,284258,171969426.0,584.0,875.5,300.0,2026-07-23T14:59:55.656638,623.0,1828,604.97,62300.0
,2026-07-23,9216,SONA,Sonapur Minerals And Oil Limited,419.1,423.0,415.1,422.0,16385,6866708.5,419.1,523.3,398.0,2026-07-23T14:59:53.108697,422.0,196,419.08,12976.71
,2026-07-23,9336,SOPL,Sopan Pharmaceuticals Limited,833.0,915.0,833.0,905.0,82670,72325100.3,842.1,1217.0,276.5,2026-07-23T14:59:57.928271,905.0,1797,874.86,15529.8
,2026-07-23,8025,SPC,Samling Power Company Limited,425.5,434.0,425.5,430.0,3060,1311135.4,434.7,591.0,400.0,2026-07-23T14:59:22.954831,430.0,38,428.47,2150.0
,2026-07-23,2759,SPDL,Synergy Power Development Ltd.,380.0,398.8,380.0,396.0,76025,29734131.5,399.9,474.0,353.1,2026-07-23T14:59:59.029681,396.0,203,391.1,5270.16
,2026-07-23,8121,SPHL,Sayapatri Hydropower Limited,520.0,558.0,520.0,553.7,12034,6536767.2,546.0,736.0,477.1,2026-07-23T14:59:58.220704,553.7,53,543.19,1661.1
,2026-07-23,182,SPIL,Siddhartha Premier Insurance Limited,715.0,715.0,707.0,710.0,533,379873.6,715.0,882.0,625.0,2026-07-23T14:59:57.647297,710.0,11,712.7,19926.5
,2026-07-23,9147,SPL,Shuvam Power Limited,677.0,680.0,660.0,680.0,4550,3013942.0,677.9,1035.0,618.0,2026-07-23T14:59:43.361736,680.0,28,662.4,1360.0
,2026-07-23,2878,SRBLD83,10.25% Sunrise Bank Debenture 2083,1044.9,1044.9,1044.9,1044.9,10,10449.0,1059.9,1125.0,1042.0,2026-07-23T12:13:51.096857,1044.9,1,1044.9,3134.7
,2026-07-23,5982,SRLI,Sanima Reliance Life Insurance Limited,386.0,386.4,382.4,384.8,15884,6096864.9,386.7,451.1,363.9,2026-07-23T14:57:59.23061,384.8,147,383.83,19297.43
,2026-07-23,2907,SSHL,Shiva Shree Hydropower Ltd,211.0,212.0,207.9,211.7,91952,19294590.1,211.0,308.7,151.0,2026-07-23T14:59:52.744629,211.7,332,209.83,6251.08
,2026-07-23,155,STC,Salt Trading Corporation,5200.0,5201.0,5200.0,5200.0,1206,6270920.0,5200.0,6335.9,4832.0,2026-07-23T14:57:09.231754,5200.0,7,5199.76,18261.63
,2026-07-23,9295,SWASTIK,Swastik Laghubitta Bittiya Sanstha Limited,2130.0,2130.0,2053.0,2098.0,858,1780486.0,2105.0,3400.0,391.7,2026-07-23T14:54:21.238892,2098.0,38,2075.15,1211.6
,2026-07-23,268,SWBBL,Swabalamban Laghubitta Bittiya Sanstha Limited,676.0,694.0,676.0,693.0,65300,44765353.8,690.0,1046.5,630.5,2026-07-23T14:59:35.507421,693.0,53,685.53,12127.5
,2026-07-23,706,SWMF,Suryodaya Womi Laghubitta Bittiya Sanstha Limited,629.0,638.9,629.0,638.9,2596,1643298.0,639.0,868.1,591.0,2026-07-23T14:59:57.641742,638.9,24,633.01,7068.06
,2026-07-23,9303,SYPNL,SY Panel Nepal Limited,1400.0,1429.5,1385.2,1426.9,75287,106090378.7,1408.9,2255.9,319.8,2026-07-23T14:59:58.815235,1426.9,685,1409.14,18665.81
,2026-07-23,9156,TAMOR,Sanima Middle Tamor Hydropower Limited,460.0,463.7,446.0,451.5,24468,11060385.3,452.0,576.0,396.4,2026-07-23T14:59:45.939624,451.5,138,452.03,15046.24
,2026-07-23,8022,TPC,Terhathum Power Company Limited,357.0,364.9,355.0,361.0,12649,4538801.6,363.0,450.0,270.1,2026-07-23T14:59:58.691825,361.0,72,358.82,2888.0
,2026-07-23,9343,TPKHL,Taksar Pikhuwa Khola Hydropower Limited,565.0,595.0,551.0,590.0,62548,35909280.6,565.0,772.5,300.0,2026-07-23T14:59:58.279093,590.0,1425,574.1,7080.0
,2026-07-23,148,TRH,Taragaon Regency Hotel Limited,793.0,793.0,775.0,791.7,827,650724.0,793.0,1086.3,681.1,2026-07-23T14:59:58.468874,791.7,16,786.84,15534.11
,2026-07-23,9194,TSHL,Three Star Hydropower Limited,393.0,393.0,382.0,385.0,4613,1778904.9,392.9,989.0,308.1,2026-07-23T14:59:05.988076,385.0,76,385.62,1896.13
,2026-07-23,9262,TTL,Trade Tower Limited,726.7,760.0,725.1,756.0,10131,7558412.0,735.0,1262.8,529.3,2026-07-23T14:59:56.788571,756.0,256,746.06,6166.01
,2026-07-23,9218,TVCL,Trishuli Jal Vidhyut Company Limited ,495.0,504.0,483.0,486.5,2785,1356853.0,495.0,689.0,377.6,2026-07-23T14:53:29.814552,486.5,30,487.2,9012.41
,2026-07-23,180,UAIL,United Ajod Insurance Limited,448.1,462.0,448.1,456.1,16603,7575446.1,456.0,625.0,421.0,2026-07-23T14:59:47.701637,456.1,92,456.26,12086.19
,2026-07-23,8099,UHEWA,Upper Hewakhola Hydropower Company Limited,600.0,603.0,583.5,598.0,23374,13863658.2,598.8,692.6,521.0,2026-07-23T14:59:58.090717,598.0,134,593.12,3438.5
,2026-07-23,8063,ULBSL,Upakar Laghubitta Bittiya Sanstha Limited,2722.0,2972.0,2722.0,2831.0,909,2532304.0,2775.0,4325.0,2705.0,2026-07-23T14:35:09.242381,2831.0,26,2785.81,3005.06
,2026-07-23,9208,ULHC,Upper Lohore Khola Hydropower Company Limited,379.8,379.8,360.0,362.2,10466,3803737.1,372.0,599.0,343.0,2026-07-23T14:59:59.21963,362.2,83,363.43,1846.51
,2026-07-23,2760,UMHL,United Modi Hydropower Ltd.,570.0,599.9,570.0,590.5,23783,13882092.2,596.4,706.0,495.0,2026-07-23T14:59:58.928919,590.5,121,583.69,7774.73
,2026-07-23,2914,UMRH,United IDI Mardi RB Hydropower Limited.,547.8,547.8,535.0,540.0,3102,1664929.0,540.5,675.0,512.0,2026-07-23T14:59:00.219881,540.0,36,536.72,2612.87
,2026-07-23,2831,UNHPL,Union Hydropower Limited,403.0,403.0,395.0,400.0,12256,4872611.0,400.0,571.0,370.0,2026-07-23T14:59:59.328941,400.0,70,397.56,3000.0
,2026-07-23,219,UNL,Unilever Nepal Limited,47800.0,48000.0,47799.9,48000.0,60,2871399.0,47800.0,50724.0,45200.0,2026-07-23T14:50:27.103567,48000.0,6,47856.65,44193.6
,2026-07-23,9140,UNLB,Unique Nepal Laghubitta Bittiya Sanstha Limited,1280.0,1280.0,1246.0,1276.0,888,1124566.0,1287.9,2480.0,1213.0,2026-07-23T14:59:40.591465,1276.0,25,1266.4,1895.82
,2026-07-23,2810,UPCL,UNIVERSAL POWER COMPANY LTD,359.1,363.0,355.0,362.0,44974,16112948.1,365.0,463.0,326.9,2026-07-23T14:59:56.918386,362.0,183,358.27,8996.15
,2026-07-23,2792,UPPER,Upper Tamakoshi Hydropower Ltd,200.0,200.5,198.0,200.1,54695,10899658.3,199.0,242.6,166.0,2026-07-23T14:59:43.771381,200.1,302,199.28,42381.18
,2026-07-23,8104,USHEC,Upper Solu Hydro Electric Company Limited,487.5,500.0,487.5,493.5,2945,1462723.5,495.2,580.2,432.0,2026-07-23T14:59:18.356229,493.5,35,496.68,6662.25
,2026-07-23,9192,USHL,Upper Syange Hydropower Limited,577.0,577.0,538.5,550.0,2354,1281595.6,550.0,945.0,468.1,2026-07-23T14:59:57.776619,550.0,93,544.43,1210.0
,2026-07-23,2774,USLB,Unnati Sahakarya Laghubitta Bittiya Sanstha Limited,1210.1,1212.0,1175.4,1200.0,673,802567.8,1210.0,2750.0,1105.8,2026-07-23T14:58:29.183694,1200.0,19,1192.52,2962.39
,2026-07-23,687,VLBS,Vijaya laghubitta Bittiya Sanstha Ltd.,670.1,692.0,670.1,685.0,992,675551.0,684.3,1008.0,640.0,2026-07-23T14:58:16.99369,685.0,57,680.99,5423.3
,2026-07-23,9225,VLUCL,Vision Lumbini Urja Company Limited ,460.0,460.0,448.0,460.0,3640,1652361.0,460.0,664.8,412.0,2026-07-23T14:59:56.236825,460.0,52,453.94,8797.5
,2026-07-23,2781,WNLB,Wean Nepal Laghubitta Bittiya Sanstha Limited,1332.0,1408.0,1327.0,1368.0,529,723846.0,1368.0,2561.0,1242.1,2026-07-23T13:17:05.894301,1368.0,20,1368.32,1153.78
,2026-07-23,9342,YMHL,Yambaling Hydropower Limited,620.3,665.0,616.9,660.0,42420,27235617.3,633.3,797.6,300.0,2026-07-23T14:59:52.145091,660.0,1172,642.04,4620.0
