id,businessDate,securityId,symbol,securityName,openPrice,highPrice,lowPrice,closePrice,totalTradedQuantity,totalTradedValue,previousDayClosePrice,fiftyTwoWeekHigh,fiftyTwoWeekLow,lastUpdatedTime,lastUpdatedPrice,totalTrades,averageTradedPrice,marketCapitalization
,2026-01-14,2790,ACLBSL,Aarambha Chautari Laghubitta Bittiya Sanstha Limited,940.8,990.0,940.8,,1028,987341.1,960.0,1284.9,900.0,2026-01-14T14:59:14.826926,969.2,43,960.44,
,2026-01-14,397,ADBL,Agricultural Development Bank Limited,294.1,300.0,288.4,,39336,11668639.3,298.0,344.9,272.3,2026-01-14T14:59:59.898754,300.0,150,296.64,
,2026-01-14,9150,AHL,Asian Hydropower Limited,539.1,549.5,539.1,,5395,2932338.9,540.3,891.0,532.0,2026-01-14T14:59:54.982235,542.0,70,543.52,
,2026-01-14,360,AHPC,Arun Valley Hydropower Development Co. Ltd.,255.0,260.0,255.0,,43036,11079131.8,257.0,334.0,242.5,2026-01-14T14:59:59.658755,258.5,225,257.43,
,2026-01-14,2788,AKJCL,Ankhu Khola Jalvidhyut Company Ltd,202.0,203.5,200.0,,113795,22924069.5,201.9,233.5,172.9,2026-01-14T14:59:59.326338,202.8,284,201.45,
,2026-01-14,2757,AKPL,Arun Kabeli Power Ltd.,248.0,250.0,245.1,,61791,15212417.5,248.0,306.5,216.1,2026-01-14T14:59:59.589645,246.0,185,246.19,
,2026-01-14,2807,ALBSL,Asha Laghubitta Bittiya Sanstha Ltd,1158.4,1190.0,1153.0,,16486,19219216.17,1182.0,1242.0,771.0,2026-01-14T14:59:59.99944,1165.0,155,1165.79,
,2026-01-14,385,ALICL,Asian Life Insurance Co. Limited,482.0,485.0,473.6,,87084,41680207.9,476.0,831.0,430.0,2026-01-14T14:59:58.886402,473.7,432,478.62,
,2026-01-14,9161,ANLB,Aatmanirbhar Laghubitta Bittiya Sanstha Limited,6150.0,6190.0,6016.0,,345,2084233.7,6100.0,6800.0,4673.0,2026-01-14T14:59:59.43448,6020.0,22,6041.25,
,2026-01-14,697,API,Api Power Company Ltd.,289.9,291.0,287.0,,50519,14604516.9,289.4,335.0,258.8,2026-01-14T14:59:57.537993,289.3,227,289.08,
,2026-01-14,8117,AVYAN,Aviyan Laghubitta Bittiya Sanstha Limited,928.0,935.5,925.0,,2536,2356105.2,946.0,1306.8,906.0,2026-01-14T14:59:40.930202,934.0,41,929.06,
,2026-01-14,9297,BANDIPUR,Bandipur Cablecar and Tourism Limited,830.0,847.9,818.0,,107926,89439555.9,833.0,984.0,285.0,2026-01-14T14:59:58.17818,830.0,1953,828.71,
,2026-01-14,686,BARUN,Barun Hydropower Co. Ltd.,314.6,329.6,314.6,,120089,39102871.6,321.0,589.0,292.1,2026-01-14T14:59:46.177993,323.2,516,325.61,
,2026-01-14,156,BBC,Bishal Bazar Company Limited,4800.0,4899.8,4800.0,,340,1639220.0,4850.0,6661.6,4480.0,2026-01-14T14:43:43.781859,4886.0,26,4821.23,
,2026-01-14,9171,BEDC,Bhugol Energy Development Company Limited,532.0,556.0,530.1,,43261,23357323.4,530.0,1080.0,501.0,2026-01-14T14:59:55.002613,531.0,298,539.91,
,2026-01-14,227,BFC,Best Finance Company Ltd.,462.4,479.9,462.3,,50770,23947715.2,464.9,704.0,411.5,2026-01-14T14:59:56.452183,470.0,287,471.69,
,2026-01-14,9214,BGWT,Bhagawati Hydropower Development Company Limited,775.0,778.3,762.0,,3275,2522485.4,775.0,1241.0,750.0,2026-01-14T14:59:33.121273,777.0,44,770.22,
,2026-01-14,9267,BHCL,Bikash Hydropower Company Limited,532.2,551.0,532.0,,78218,42112011.8,543.0,625.7,292.1,2026-01-14T14:59:57.207935,532.0,1018,538.39,
,2026-01-14,8075,BHDC,Bindhyabasini Hydropower Development Company Limited,470.1,478.8,465.0,,53423,25150481.9,474.0,760.2,426.0,2026-01-14T14:59:56.793896,465.0,294,470.78,
,2026-01-14,8055,BHL,Balephi Hydropower Limited,178.5,181.0,177.1,,81935,14713579.4,179.5,405.0,164.0,2026-01-14T14:59:58.324301,178.6,386,179.57,
,2026-01-14,9135,BHPL,Barahi Hydropower Public Limited,540.0,560.0,540.0,,60345,33203426.7,549.9,1308.4,503.1,2026-01-14T14:59:59.016275,556.9,358,550.22,
,2026-01-14,8032,BNHC,Buddha Bhumi Nepal Hydropower Company Limited,450.0,460.0,448.0,,9788,4439525.9,450.8,608.0,393.0,2026-01-14T14:59:54.617253,454.8,99,453.56,
,2026-01-14,213,BNT,Bottlers Nepal (Terai) Limited,11792.0,11800.0,11700.0,,30,352920.0,11792.0,14680.0,10660.0,2026-01-14T14:48:50.066206,11700.0,3,11764.0,
,2026-01-14,153,BPCL,Butwal Power Company Limited,770.0,814.0,770.0,,233851,185734448.8,785.0,1065.0,379.2,2026-01-14T14:59:57.925867,786.0,827,794.24,
,2026-01-14,9296,BUNGAL,Bungal Hydro Limited,659.9,659.9,635.1,,35411,22699624.5,647.0,729.3,302.4,2026-01-14T14:59:59.852569,637.2,665,641.03,
,2026-01-14,164,CBBL,Chhimek Laghubitta Bittiya Sanstha Limited,925.0,925.0,918.3,,18468,16990549.8,922.0,1144.8,821.5,2026-01-14T14:59:48.930138,919.9,176,919.99,
,2026-01-14,8068,CCBD88,Century Debenture 2088,1212.0,1212.0,1212.0,,100,121200.0,1211.0,1281.0,1103.0,2026-01-14T13:16:51.584421,1212.0,2,1212.0,
,2026-01-14,245,CFCL,Central Finance Co. Ltd.,484.2,517.0,484.2,,60792,30933419.5,494.0,701.0,445.1,2026-01-14T14:59:58.030424,510.0,325,508.84,
,2026-01-14,2917,CGH,Chandragiri Hills Limited,849.0,855.0,847.0,,17338,14732995.6,849.3,1150.0,800.2,2026-01-14T14:59:38.153719,851.0,117,849.75,
,2026-01-14,154,CHCL,Chilime Hydropower Company Limited,479.0,479.0,470.0,,41135,19383522.3,474.0,599.6,456.0,2026-01-14T14:59:34.325197,470.0,196,471.21,
,2026-01-14,3946,CHDC,CEDB Holdings Limited,2340.0,2354.0,2295.0,,33211,76837345.7,2314.0,2997.9,1621.0,2026-01-14T14:59:58.760119,2305.0,242,2313.61,
,2026-01-14,2766,CHL,Chhyangdi Hydropower Ltd.,270.0,277.0,264.6,,128761,35058679.1,264.9,599.7,223.4,2026-01-14T14:59:57.980517,269.2,543,272.27,
,2026-01-14,210,CIT,Citizen Investment Trust,1790.0,1790.0,1770.0,,3522,6251939.5,1775.0,2200.0,1730.8,2026-01-14T14:59:24.700064,1774.0,125,1775.11,
,2026-01-14,9173,CITY,City Hotel Limited,461.0,474.8,461.0,,5366,2528383.2,470.0,998.4,461.0,2026-01-14T14:59:17.361724,470.0,78,471.18,
,2026-01-14,9232,CKHL,Chirkhwa Hydropower Limited ,647.3,660.0,647.3,,6673,4368495.7,660.0,910.0,550.0,2026-01-14T14:59:43.935299,654.0,71,654.65,
,2026-01-14,9209,CLI,Citizen Life Insurance Company Limited,475.0,480.0,471.5,,25644,12154295.4,475.0,774.9,411.0,2026-01-14T14:59:58.244896,474.0,308,473.96,
,2026-01-14,2862,CMF2,CITIZENS MUTUAL FUND 2,10.11,10.5,10.1,,21725,220380.25,10.01,10.86,8.64,2026-01-14T14:54:14.728865,10.5,17,10.14,
,2026-01-14,450,CORBL,Corporate Development Bank Limited,1550.0,1571.0,1535.0,,6311,9773956.6,1550.0,2842.3,1431.0,2026-01-14T14:59:58.822762,1571.0,94,1548.71,
,2026-01-14,9252,CREST,Crest Micro Life Insurance Limited,1228.0,1284.8,1222.0,,10168,12524322.1,1235.0,2458.2,302.5,2026-01-14T14:59:55.429595,1230.9,244,1231.73,
,2026-01-14,8065,CYCL,CYC Nepal Laghubitta Bittiya Sanstha Limited,1511.0,1528.0,1505.0,,1351,2045237.9,1510.3,2040.0,1462.0,2026-01-14T14:55:16.099416,1527.0,50,1513.86,
,2026-01-14,348,CZBIL,Citizens Bank International Limited,192.3,195.0,192.3,,19709,3814367.7,196.0,240.1,183.0,2026-01-14T14:59:58.243695,193.0,103,193.53,
,2026-01-14,166,DDBL,Deprosc Laghubitta Bittiya Sanstha Limited,819.1,829.5,819.1,,3227,2655531.9,820.0,1010.0,759.0,2026-01-14T14:59:55.087251,826.0,61,822.91,
,2026-01-14,9293,DHEL,Daramkhola Hydro Energy Limited,650.0,679.0,642.0,,45157,29464711.9,656.0,708.0,402.2,2026-01-14T14:59:59.692191,648.0,901,652.49,
,2026-01-14,2754,DHPL,Dibyashwori Hydropower Ltd.,290.0,295.9,289.0,,13022,3808685.7,285.0,427.2,265.0,2026-01-14T14:59:19.006264,289.5,76,292.48,
,2026-01-14,8123,DLBS,Dhaulagiri Laghubitta Bittiya Sanstha Limited,1300.1,1308.9,1296.0,,477,619009.4,1300.1,2250.0,1240.0,2026-01-14T14:59:43.367007,1308.9,24,1297.71,
,2026-01-14,9170,DOLTI,Dolti Power Company Limited,510.0,512.0,500.6,,3853,1963777.0,508.0,1017.0,470.6,2026-01-14T14:59:23.494874,511.8,65,509.67,
,2026-01-14,8070,DORDI,Dordi Khola Jal Bidyut Company Limited,285.6,296.9,280.0,,671118,193032472.4,280.0,696.0,213.1,2026-01-14T14:59:58.674871,284.9,2159,287.62,
,2026-01-14,137,EBL,Everest Bank Limited,661.0,665.0,658.0,,26659,17620601.8,661.0,780.6,573.0,2026-01-14T14:59:20.412704,660.0,176,660.96,
,2026-01-14,8119,EBLD85,10.50% Everest Bank Limited Debenture 2085,1225.0,1225.0,1225.0,,50,61250.0,1240.0,1250.0,1102.5,2026-01-14T14:35:48.882713,1225.0,2,1225.0,
,2026-01-14,9255,EBLD91,Everest Bank Limited Debenture 2091,1119.0,1119.0,1110.0,,200,222450.0,1141.0,1142.4,994.4,2026-01-14T13:58:15.447498,1110.0,5,1112.25,
,2026-01-14,274,EDBL,Excel Development Bank Ltd.,594.1,597.9,592.5,,8015,4757502.1,599.0,838.2,545.0,2026-01-14T14:59:24.501395,595.0,37,593.57,
,2026-01-14,8131,EHPL,Eastern Hydropower Limited,415.0,420.0,406.0,,65757,27200004.0,407.9,937.0,385.0,2026-01-14T14:59:56.934759,417.0,356,413.64,
,2026-01-14,8034,ENL,Emerging Nepal Limited,890.0,901.1,890.0,,688,617946.0,892.2,1452.0,866.0,2026-01-14T14:59:31.702304,901.0,16,898.17,
,2026-01-14,490,FMDBL,First Micro Finance Laghubitta Bittiya Sanstha Limited,795.0,812.0,795.0,,26587,21351968.2,795.0,1038.8,712.0,2026-01-14T14:59:11.339625,801.1,150,803.09,
,2026-01-14,2758,FOWAD,Forward Microfinance Laghubitta Bittiya Sanstha Limited,1063.0,1082.0,1062.0,,1922,2051433.1,1070.0,1350.0,1043.8,2026-01-14T14:59:43.987413,1082.0,50,1067.34,
,2026-01-14,8033,GBBD85,"Garima Debenture, 2085",1075.3,1090.0,1075.3,,50,54132.5,1087.0,1135.0,1010.0,2026-01-14T12:06:47.393205,1090.0,2,1082.65,
,2026-01-14,417,GBBL,Garima Bikas Bank Limited,394.3,400.0,390.1,,25721,10166396.5,392.8,498.0,367.4,2026-01-14T14:59:57.190821,391.0,141,395.25,
,2026-01-14,341,GBIME,Global IME Bank Limited,226.1,228.0,225.0,,81854,18501568.9,226.9,278.9,210.7,2026-01-14T14:59:51.211879,226.0,365,226.03,
,2026-01-14,9269,GBIMESY2,Global IME Sammunat Yojana -2,9.0,9.1,8.84,,1500,13426.0,9.18,10.18,8.5,2026-01-14T14:37:05.563402,9.1,9,8.95,
,2026-01-14,583,GBLBS,Grameen Bikas Laghubitta Bittiya Sanstha Ltd.,766.6,773.0,755.5,,6369,4863707.9,773.9,987.0,698.0,2026-01-14T14:59:56.590689,755.5,104,763.65,
,2026-01-14,9193,GCIL,Ghorahi Cement Industry Limited,425.0,433.5,425.0,,22832,9786542.5,430.0,613.0,400.0,2026-01-14T14:59:38.142903,428.0,251,428.63,
,2026-01-14,232,GFCL,Goodwill Finance Limited,630.0,673.0,628.0,,95147,62639076.0,628.0,811.0,528.3,2026-01-14T14:59:58.472865,664.0,729,658.34,
,2026-01-14,2806,GHL,Ghalemdi Hydro Limited,210.2,213.0,209.0,,87235,18334137.6,210.1,318.0,197.1,2026-01-14T14:59:57.311588,211.0,180,210.16,
,2026-01-14,8106,GIBF1,Global IME Balanced Fund-1,10.27,10.64,10.27,,12550,131749.5,10.47,11.68,9.3,2026-01-14T14:11:20.719008,10.64,18,10.49,
,2026-01-14,705,GILB,Global IME Laghubitta Bittiya Sanstha Ltd.,1151.0,1163.0,1151.0,,878,1016541.3,1151.0,1441.6,1117.0,2026-01-14T14:59:32.702288,1163.0,19,1157.79,
,2026-01-14,2826,GLBSL,Gurans Laghubitta Bittiya Sanstha Limited,1924.0,1930.0,1923.0,,40,76773.4,1924.0,3486.0,1862.1,2026-01-14T14:53:04.909339,1930.0,13,1919.33,
,2026-01-14,2924,GLH,GreenLife Hydropower Limited,249.0,253.9,247.0,,40550,10184618.4,249.0,306.3,227.4,2026-01-14T14:59:56.958788,250.0,246,251.16,
,2026-01-14,2815,GMFBS,Ganapati Laghubitta Bittiya Sanstha Limited,1495.0,1498.9,1470.0,,1170,1728408.5,1495.0,1980.0,1395.0,2026-01-14T14:59:34.687624,1498.9,31,1477.27,
,2026-01-14,263,GMFIL,Guheshowori Merchant Bank & Finance Co. Ltd.,450.5,469.6,450.5,,36227,16791552.9,456.0,592.5,393.1,2026-01-14T14:59:57.09795,463.9,166,463.5,
,2026-01-14,9246,GMLI,Guardian Micro Life Insurance Limited ,1702.0,1729.9,1695.0,,2103,3585837.6,1706.1,2778.0,301.0,2026-01-14T14:59:15.850533,1701.0,82,1705.1,
,2026-01-14,2744,GRDBL,Green Development Bank Ltd.,1127.9,1145.0,1105.5,,21409,24070939.9,1109.9,2001.4,944.0,2026-01-14T14:59:59.463523,1117.6,157,1124.33,
,2026-01-14,9248,GSY,Garima Samriddhi Yojana,9.01,9.06,9.01,,6155,55641.3,9.1,10.3,8.7,2026-01-14T14:34:44.839953,9.06,36,9.04,
,2026-01-14,204,GUFL,Gurkhas Finance Ltd.,513.0,521.0,506.0,,21964,11314320.8,507.0,685.4,460.6,2026-01-14T14:59:59.774042,511.0,161,515.13,
,2026-01-14,8045,GVL,Green Ventures Limited,497.8,504.6,490.0,,184300,92009509.1,497.8,662.0,424.0,2026-01-14T14:59:55.965134,502.8,475,499.23,
,2026-01-14,9221,H8020,Himalayan 80-20,11.23,11.45,11.21,,2930,33161.0,11.23,12.21,9.67,2026-01-14T14:42:18.459776,11.3,16,11.31,
,2026-01-14,9213,HATHY,Hathway Investment Nepal Limited,881.5,890.0,878.0,,10963,9694419.7,877.2,1600.0,875.5,2026-01-14T14:59:45.33677,884.0,159,884.28,
,2026-01-14,134,HBL,Himalayan Bank Limited,193.0,193.0,187.5,,52988,9975069.5,190.0,261.0,184.0,2026-01-14T14:59:58.587573,190.0,1190,188.25,
,2026-01-14,2880,HDHPC,Himal Dolakha Hydropower Company Limited,177.0,179.4,175.4,,93752,16555409.0,176.0,225.9,162.0,2026-01-14T14:59:59.670535,176.0,255,176.58,
,2026-01-14,235,HDL,Himalayan Distillery Limited,1150.0,1150.0,1135.0,,75998,86550513.5,1143.0,1556.1,1103.0,2026-01-14T14:59:58.282463,1139.0,847,1138.85,
,2026-01-14,179,HEI,Himalayan Everest Insurance Limited,498.0,505.0,497.0,,2451,1230349.4,504.0,710.0,458.0,2026-01-14T14:59:52.957323,504.9,30,501.97,
,2026-01-14,8076,HHL,Himalayan Hydropower Limited,323.0,338.0,323.0,,84649,28059568.2,325.0,635.0,310.7,2026-01-14T14:59:59.791531,330.0,340,331.48,
,2026-01-14,2742,HIDCL,Hydorelectricity Investment and Development Company Ltd,252.0,258.0,252.0,,83682,21475252.8,256.7,340.0,227.0,2026-01-14T14:59:59.997595,255.2,289,256.62,
,2026-01-14,8111,HIDCLP,Hydorelectricity Investment and Development Company Limited Promoter,180.0,182.0,178.3,,128916,23166083.0,180.9,239.0,153.9,2026-01-14T14:59:59.321381,180.9,172,179.69,
,2026-01-14,9270,HIMSTAR,Him Star Urja Company Limited,913.0,919.0,891.0,,21208,19068536.3,913.0,1097.9,252.2,2026-01-14T14:59:56.947678,899.0,355,899.11,
,2026-01-14,693,HLBSL,Himalayan Laghubitta Bittiya Sanstha Limited,884.0,888.2,884.0,,523,464229.9,893.5,1140.0,837.0,2026-01-14T14:58:47.632464,888.1,11,887.62,
,2026-01-14,393,HLI,Himalayan Life Insurance Limited,365.0,369.7,361.6,,85359,31047337.2,367.0,506.8,354.8,2026-01-14T14:59:52.07682,364.9,545,363.72,
,2026-01-14,9290,HLICF,HLI Large Cap Fund,8.98,9.0,8.98,,2400,21572.0,9.15,10.0,8.74,2026-01-14T14:33:16.72172,9.0,12,8.98,
,2026-01-14,2767,HPPL,Himalayan Power Partner Ltd.,473.0,489.3,471.0,,126745,60783256.3,474.0,711.0,411.1,2026-01-14T14:59:59.708552,478.5,482,479.57,
,2026-01-14,9234,HRL,Himalayan Reinsurance Limited,825.2,855.0,825.2,,115863,97959742.5,842.0,1156.0,762.1,2026-01-14T14:59:56.527523,840.5,1127,845.47,
,2026-01-14,2824,HURJA,Himalaya Urja Bikas Company Limited,224.0,224.0,220.7,,53330,11813526.4,221.1,283.4,204.6,2026-01-14T14:59:58.467686,222.0,155,221.51,
,2026-01-14,273,ICFC,ICFC Finance Limited,642.2,667.0,640.1,,82524,54550295.3,642.8,730.9,555.0,2026-01-14T14:59:56.235825,660.0,423,661.02,
,2026-01-14,2882,ICFCD83,12% ICFC Finance Limited Debenture 2083,1200.5,1200.5,1165.0,,423,497990.3,1195.1,1368.9,1155.0,2026-01-14T14:59:49.197133,1165.0,5,1177.28,
,2026-01-14,9249,ICFCD88,9% ICFC Finance Limited Debenture 2088,1160.0,1160.0,1141.1,,100,115527.5,1180.0,1216.0,1000.0,2026-01-14T14:59:33.903613,1141.1,4,1155.27,
,2026-01-14,186,IGI,IGI Prudential insurance Limited,423.0,423.0,416.0,,10470,4377697.9,419.0,664.2,392.0,2026-01-14T14:59:57.170943,420.9,74,418.11,
,2026-01-14,9176,IHL,Ingwa Hydropower Limited,544.0,554.3,529.2,,21955,11982313.2,533.8,838.0,490.0,2026-01-14T14:59:52.881233,547.0,204,545.76,
,2026-01-14,2832,ILBS,Infinity Laghubitta Bittiya Sanstha Limited,974.2,993.6,974.2,,4955,4857989.2,994.0,1311.0,795.2,2026-01-14T14:59:51.929257,980.1,45,980.42,
,2026-01-14,9184,ILI,IME Life Insurance Company Limited,438.2,449.8,438.2,,18724,8321890.4,439.5,530.0,405.0,2026-01-14T14:59:57.721765,445.1,414,444.45,
,2026-01-14,418,JBBL,Jyoti Bikas Bank Limited,326.2,346.5,326.2,,188582,64511490.1,332.8,413.0,295.0,2026-01-14T14:59:56.751126,339.9,645,342.08,
,2026-01-14,4951,JBLB,Jeevan Bikas Laghubitta  Bittya Sanstha Ltd,1322.0,1330.0,1300.0,,10079,13239533.6,1322.0,1644.0,1270.7,2026-01-14T14:59:57.114143,1313.0,224,1313.57,
,2026-01-14,250,JFL,Janaki Finance Company Limited,435.0,440.0,423.0,,32419,14030848.5,430.0,668.0,395.0,2026-01-14T14:59:52.081408,437.0,197,432.79,
,2026-01-14,9300,JHAPA,Jhapa Energy Limited,1409.0,1450.0,1404.0,,15101,21422678.5,1425.0,1507.0,293.4,2026-01-14T14:59:57.612704,1422.0,385,1418.62,
,2026-01-14,2789,JOSHI,Joshi Hydropower Development Company Ltd,283.1,288.6,280.8,,46156,13146401.5,285.0,488.5,254.0,2026-01-14T14:59:57.469644,284.0,242,284.82,
,2026-01-14,695,JSLBB,Janautthan Samudayic Laghubitta Bittya Sanstha Limited,1146.0,1159.0,1136.2,,2042,2326991.3,1158.0,1860.4,1059.0,2026-01-14T14:59:23.028091,1159.0,28,1139.56,
,2026-01-14,142,KBL,Kumari Bank Limited,180.0,180.0,178.0,,123698,22091356.0,179.1,233.5,175.5,2026-01-14T14:59:33.140794,179.0,325,178.59,
,2026-01-14,8127,KBLD89,11% KBL Debenture 2089,1325.0,1325.0,1325.0,,25,33125.0,1325.0,1335.0,1107.0,2026-01-14T13:10:34.344967,1325.0,1,1325.0,
,2026-01-14,9196,KBSH,Kutheli Bukhari Small Hydropower Limited,1658.2,1662.0,1650.0,,422,698009.0,1658.2,3000.8,1622.0,2026-01-14T14:59:47.193278,1650.0,15,1654.04,
,2026-01-14,8074,KDBY,Kumari Dhanabriddhi Yojana,9.55,9.79,9.4,,11050,106942.5,9.74,10.57,8.67,2026-01-14T14:38:47.671238,9.79,28,9.67,
,2026-01-14,9151,KDL,Kalinchowk Darshan Limited,786.0,795.6,780.0,,2405,1887273.1,786.6,1306.3,770.0,2026-01-14T14:59:55.491563,786.0,71,784.72,
,2026-01-14,2933,KEF,Kumari Equity Fund,9.38,9.38,8.31,,20186,180258.2,9.2,10.42,8.31,2026-01-14T14:53:48.615494,9.29,26,8.92,
,2026-01-14,2751,KKHC,Khanikhola Hydropower Co. Ltd.,217.5,224.3,217.5,,53456,11833516.1,221.9,475.9,208.0,2026-01-14T14:59:59.352712,219.9,224,221.36,
,2026-01-14,593,KMCDB,Kalika Laghubitta Bittiya Sanstha Ltd,955.0,955.0,924.0,,5995,5606190.5,945.0,1270.0,921.3,2026-01-14T14:59:57.816487,953.0,91,935.14,
,2026-01-14,2787,KPCL,Kalika power Company Ltd,530.4,530.4,518.0,,19932,10362778.5,520.0,711.0,491.0,2026-01-14T14:59:59.122394,523.5,143,519.9,
,2026-01-14,459,KSBBL,Kamana Sewa Bikas Bank Limited,455.0,457.0,450.3,,32716,14814699.2,452.0,588.0,404.1,2026-01-14T14:59:58.139658,453.0,165,452.82,
,2026-01-14,9241,KSY,Kumari Sabal Yojana,8.91,9.16,8.91,,3600,32743.0,8.99,10.64,8.21,2026-01-14T13:48:47.643251,9.16,10,9.09,
,2026-01-14,358,LBBL,Lumbini Bikas Bank Ltd.,486.6,502.0,486.1,,162085,79986891.4,496.5,646.3,376.5,2026-01-14T14:59:57.45723,486.8,478,493.48,
,2026-01-14,9197,LBBLD89,11% L.B.B.L. Debenture 2089,1310.0,1310.0,1310.0,,25,32750.0,1315.0,1346.0,1082.0,2026-01-14T14:03:30.795771,1310.0,1,1310.0,
,2026-01-14,2903,LEC,Liberty Energy Company Limited,202.0,202.0,196.8,,62589,12395561.4,200.0,263.0,180.0,2026-01-14T14:59:59.444983,197.9,229,198.04,
,2026-01-14,188,LICN,Life Insurance Corporation (Nepal) Limited,852.4,868.0,851.0,,12189,10461303.5,852.4,1415.0,773.0,2026-01-14T14:59:35.068443,853.4,111,858.25,
,2026-01-14,618,LLBS,Laxmi Laghubitta Bittiya Sanstha Ltd.,908.5,948.6,908.5,,547,511758.7,927.0,1367.3,865.0,2026-01-14T14:59:52.124214,933.0,26,935.57,
,2026-01-14,141,LSL,Laxmi Sunrise Bank Limited,217.0,217.0,212.7,,93032,19973763.1,215.0,252.0,201.0,2026-01-14T14:59:05.458334,216.5,155,214.69,
,2026-01-14,2902,LUK,Laxmi Unnati Kosh,9.61,9.61,9.61,,1249,12002.89,9.8,11.97,8.97,2026-01-14T13:05:24.185817,9.61,4,9.61,
,2026-01-14,9198,LVF2,Laxmi Value Fund 2,9.21,9.38,9.21,,3000,28073.0,9.2,11.45,8.76,2026-01-14T14:41:56.898514,9.38,14,9.35,
,2026-01-14,9287,MABEL,Mabilung Energy Limited,727.2,745.0,716.3,,29212,21261015.7,732.6,805.0,317.7,2026-01-14T14:59:59.250424,725.0,515,727.81,
,2026-01-14,9166,MAKAR,Makar Jitumaya Suri Hydropower Limited,525.2,536.0,519.2,,7138,3762469.0,533.0,860.0,519.2,2026-01-14T14:59:55.288162,519.2,83,527.1,
,2026-01-14,9212,MANDU,Mandu Hydropower Limited,795.0,812.0,795.0,,5994,4853879.9,800.0,1027.0,766.5,2026-01-14T14:59:35.551816,807.0,67,809.78,
,2026-01-14,694,MATRI,Matribhumi Lagubitta Bittiya Sanstha Limited,980.0,980.0,965.1,,295,285796.9,980.0,1464.8,930.1,2026-01-14T14:57:44.752918,975.0,16,968.8,
,2026-01-14,8031,MBJC,Madhya Bhotekoshi Jalavidyut Company Limited,281.8,288.0,281.8,,29789,8506550.6,285.0,405.0,270.0,2026-01-14T14:59:58.03858,285.0,300,285.56,
,2026-01-14,140,MBL,Machhapuchhre Bank Limited,232.0,232.0,225.0,,37204,8425195.3,228.0,272.1,205.0,2026-01-14T14:59:32.635173,227.8,92,226.45,
,2026-01-14,9257,MBLEF,MBL Equity Fund,9.7,9.8,9.62,,3250,31390.5,9.77,10.19,8.59,2026-01-14T14:46:37.146042,9.65,18,9.65,
,2026-01-14,9175,MCHL,Menchhiyam Hydropower Limited,434.0,434.0,416.0,,13365,5645003.5,426.0,714.0,412.5,2026-01-14T14:59:05.219794,424.0,95,422.37,
,2026-01-14,371,MDB,Miteri Development Bank Limited,593.0,603.9,593.0,,5127,3071420.1,600.2,764.0,530.5,2026-01-14T14:59:44.783326,600.5,68,599.06,
,2026-01-14,9203,MEHL,Manakamana Engineering Hydropower Limited,425.0,432.9,416.5,,58105,24503968.0,431.9,696.0,372.4,2026-01-14T14:59:46.032767,426.0,277,421.71,
,2026-01-14,9179,MEL,Modi Energy Limited,265.0,272.0,265.0,,13827,3715125.8,267.8,393.0,255.0,2026-01-14T14:59:45.672076,267.0,187,268.68,
,2026-01-14,2913,MEN,Mountain Energy Nepal Limited,588.0,590.0,571.0,,41217,23902901.5,582.0,683.4,535.0,2026-01-14T14:59:44.355679,576.0,257,579.92,
,2026-01-14,1741,MERO,Mero Microfinance Bittiya Sanstha Ltd.,750.0,750.0,728.0,,5759,4220307.0,742.0,1000.0,648.0,2026-01-14T14:59:27.394941,731.0,50,732.81,
,2026-01-14,516,MFIL,Manjushree Finance Ltd.,752.2,800.0,752.2,,271093,213861698.2,767.0,800.0,545.0,2026-01-14T14:59:58.467378,799.0,938,788.88,
,2026-01-14,9158,MHCL,Molung Hydropower Company Limited,375.0,382.9,375.0,,7706,2904237.7,378.0,655.0,363.0,2026-01-14T14:59:59.063176,379.9,116,376.88,
,2026-01-14,8102,MHL,Mandakini Hydropower Limited,499.0,504.0,495.0,,37564,18794447.7,498.0,1088.0,445.0,2026-01-14T14:59:56.059972,495.2,230,500.33,
,2026-01-14,2811,MHNL,Mountain Hydro Nepal Limited,244.8,247.0,239.0,,10180,2453940.8,240.0,316.0,226.0,2026-01-14T14:59:42.572661,239.0,69,241.05,
,2026-01-14,9230,MKCL,Muktinath Krishi Company Limited,1390.0,1398.0,1368.0,,3977,5503628.1,1398.0,1900.0,1333.0,2026-01-14T14:59:53.934148,1368.0,99,1383.86,
,2026-01-14,9149,MKHC,Maya Khola Hydropower Company Limited,338.0,345.9,335.0,,9968,3391533.1,340.0,627.0,332.2,2026-01-14T14:59:59.124477,345.9,118,340.24,
,2026-01-14,9167,MKHL,Mai Khola Hydropower Limited,759.2,834.3,759.2,,11016,8736278.5,774.0,1027.0,632.0,2026-01-14T14:59:58.986742,795.0,130,793.05,
,2026-01-14,8005,MKJC,Mailung Khola Jal Vidhyut Company Limited,520.0,523.8,512.8,,35649,18361455.4,519.8,635.0,475.5,2026-01-14T14:59:58.379771,515.0,183,515.06,
,2026-01-14,601,MLBBL,Mithila LaghuBitta Bittiya Sanstha Limited,1301.5,1330.0,1295.0,,3105,4074639.9,1320.0,2019.0,1285.0,2026-01-14T14:59:56.684764,1315.0,40,1312.28,
,2026-01-14,401,MLBL,Mahalaxmi Bikas Bank Ltd.,371.0,371.0,363.4,,49560,18148132.0,367.9,488.0,348.9,2026-01-14T14:59:51.217937,366.5,130,366.18,
,2026-01-14,8018,MLBS,Manushi Laghubitta Bittiya Sanstha Limited,1440.0,1445.0,1410.0,,1161,1646685.8,1430.0,2400.0,1395.0,2026-01-14T14:58:38.03754,1410.0,35,1418.33,
,2026-01-14,2925,MLBSL,Mahila Lagubitta Bittiya Sanstha Limited ,1900.0,1900.0,1876.0,,1147,2168380.3,1885.0,2569.0,1870.0,2026-01-14T14:55:41.979042,1900.0,39,1890.47,
,2026-01-14,8023,MMF1,Mega Mutual Fund -1,8.5,8.77,8.46,,7711,66763.25,8.6,9.95,8.05,2026-01-14T14:50:59.134697,8.75,34,8.65,
,2026-01-14,9217,MMKJL,Mathillo Mailun Khola Jalvidhyut Limited,590.3,611.0,585.0,,20011,11971175.9,600.0,890.4,528.2,2026-01-14T14:59:44.975773,587.0,149,598.22,
,2026-01-14,474,MNBBL,Muktinath Bikas Bank Ltd.,353.9,354.8,347.1,,62805,21985797.7,349.2,503.0,340.1,2026-01-14T14:59:59.828738,349.0,244,350.06,
,2026-01-14,9245,MNMF1,Muktinath Mutual Fund 1,8.94,9.27,8.94,,8527,77953.7,9.1,10.42,8.53,2026-01-14T14:55:27.081415,9.2,37,9.14,
,2026-01-14,471,MPFL,Multipurpose Finance Company  Limited,610.0,658.0,610.0,,142779,92701767.0,622.1,775.0,491.0,2026-01-14T14:59:38.709713,652.0,449,649.26,
,2026-01-14,9215,MSHL,Mid Solu Hydropower Limited,825.0,830.0,815.1,,1244,1023383.8,832.0,1135.0,800.1,2026-01-14T14:59:59.038328,830.0,24,822.65,
,2026-01-14,2768,MSLB,Mahuli Laghubitta Bittiya Sanstha Limited,1275.0,1293.9,1268.0,,1940,2476518.0,1274.0,1710.0,1130.2,2026-01-14T14:59:59.553467,1290.0,46,1276.55,
,2026-01-14,172,NABBC,Narayani Development Bank Limited,1315.2,1395.0,1290.0,,85970,115380207.3,1342.0,2060.0,662.0,2026-01-14T14:59:59.035408,1346.4,150,1342.09,
,2026-01-14,131,NABIL,Nabil Bank Limited,490.0,490.0,487.0,,44542,21754316.3,488.1,562.0,471.0,2026-01-14T14:59:57.017268,487.5,524,488.4,
,2026-01-14,9299,NABILD2089,7% Nabil Debenture 2089,1073.1,1073.1,1073.1,,25,26827.5,1095.0,1125.0,1000.0,2026-01-14T11:47:30.225609,1073.1,1,1073.1,
,2026-01-14,2784,NADEP,Nadep Laghubittiya bittya Sanstha Ltd.,782.0,810.0,782.0,,406,320543.0,787.0,1067.0,696.0,2026-01-14T14:59:24.863805,795.2,13,789.51,
,2026-01-14,2835,NBF2,NABIL BALANCED FUND-2,9.49,9.65,9.49,,2760,26504.0,9.64,11.1,8.86,2026-01-14T14:57:41.436519,9.57,4,9.6,
,2026-01-14,8024,NBF3,Nabil Balanced Fund-3,8.94,9.18,8.94,,9300,84295.0,9.11,10.67,8.35,2026-01-14T14:59:58.273431,9.18,33,9.06,
,2026-01-14,517,NBL,Nepal Bank Limited,241.5,241.7,238.2,,34952,8364761.0,241.0,313.0,225.4,2026-01-14T14:59:57.977243,241.0,139,239.32,
,2026-01-14,8041,NESDO,NESDO Sambridha Laghubitta Bittiya Sanstha Limited,1481.3,1507.0,1481.3,,1025,1526790.7,1500.0,2522.0,1380.1,2026-01-14T14:59:57.517948,1507.0,37,1489.55,
,2026-01-14,194,NFS,Nepal Finance Ltd.,625.1,639.9,623.3,,30244,19100653.7,625.5,918.0,576.0,2026-01-14T14:59:45.334789,630.0,208,631.55,
,2026-01-14,2743,NGPL,Ngadi Group Power Ltd.,403.0,407.0,397.0,,243624,97747452.8,400.0,465.0,254.8,2026-01-14T14:59:58.448915,397.0,695,401.22,
,2026-01-14,2769,NHDL,Nepal Hydro Developers Ltd.,673.0,673.9,660.0,,23012,15252192.8,662.9,1002.6,623.0,2026-01-14T14:59:51.983413,660.0,145,662.79,
,2026-01-14,152,NHPC,National Hydro Power Company Limited,194.2,194.2,187.2,,53912,10194279.9,190.4,244.5,178.6,2026-01-14T14:59:57.128017,187.8,169,189.09,
,2026-01-14,9138,NIBLGF,NIBL Growth Fund,8.82,9.01,8.67,,4890,43357.9,8.96,10.09,7.84,2026-01-14T14:59:18.546547,9.01,14,8.86,
,2026-01-14,9244,NIBLSTF,NIBL Stable Fund,8.6,8.68,8.55,,217038,1878041.5,8.75,10.08,7.85,2026-01-14T13:54:26.402415,8.68,17,8.65,
,2026-01-14,4949,NIBSF2,NIBL Samriddhi Fund -2,8.41,8.6,8.41,,1650,13979.0,8.57,9.58,8.01,2026-01-14T14:38:53.459859,8.6,8,8.47,
,2026-01-14,139,NICA,NIC Asia Bank Ltd.,331.3,342.0,331.3,,87141,29278769.1,338.0,428.4,304.5,2026-01-14T14:59:46.328526,334.2,371,335.99,
,2026-01-14,9266,NICAD2091,7% NIC ASIA Debenture 2091,1073.1,1073.4,1073.1,,50,53662.5,1094.0,1102.6,1005.2,2026-01-14T14:33:50.345134,1073.4,2,1073.25,
,2026-01-14,2863,NICBF,NIC Asia Balanced Fund,9.29,9.29,9.27,,10400,96558.0,9.11,10.6,8.48,2026-01-14T14:46:54.987455,9.28,5,9.28,
,2026-01-14,7986,NICD88,NIC ASIA Rinpatra 2088,1130.0,1130.0,1130.0,,25,28250.0,1150.0,1153.0,1006.0,2026-01-14T14:59:40.438093,1130.0,1,1130.0,
,2026-01-14,8073,NICFC,NIC Asia Flexi CAP Fund,8.73,9.02,8.67,,3150,27758.5,8.9,10.4,8.37,2026-01-14T14:27:25.766832,8.85,21,8.81,
,2026-01-14,9236,NICGF2,NIC ASIA Growth Fund-2,8.91,9.1,8.91,,1000,8984.0,9.05,9.98,8.33,2026-01-14T14:50:24.515619,9.1,9,8.98,
,2026-01-14,176,NICL,Nepal Insurance Co. Ltd.,503.0,509.0,498.1,,18294,9182194.5,498.1,1047.0,489.1,2026-01-14T14:59:52.41388,509.0,135,501.92,
,2026-01-14,2887,NICLBSL,NIC ASIA Laghubitta Bittiya Sanstha Limited,558.8,561.0,555.0,,5302,2956088.1,558.8,764.0,535.0,2026-01-14T14:59:53.516251,558.9,95,557.54,
,2026-01-14,4967,NICSF,NIC Asia Select Fund 30,8.55,8.73,8.55,,10340,90093.2,8.65,10.1,8.04,2026-01-14T14:10:40.834006,8.72,12,8.71,
,2026-01-14,2919,NIFRA,Nepal Infrastructure Bank Limited,255.9,260.5,255.9,,118274,30565032.9,258.0,328.1,240.5,2026-01-14T14:59:48.770922,260.0,623,258.42,
,2026-01-14,9261,NIFRAGED,Nifra Green Energy Debenture 6% - 2088/89,1040.0,1040.0,1030.0,,50,51750.0,1040.0,1137.2,948.0,2026-01-14T11:20:11.658037,1030.0,2,1035.0,
,2026-01-14,183,NIL,Neco Insurance Limited,630.3,630.3,612.2,,3842,2368462.4,618.0,957.0,562.0,2026-01-14T14:59:21.782404,618.0,54,616.46,
,2026-01-14,132,NIMB,Nepal Investment Mega Bank Limited,190.8,193.5,190.8,,52883,10130238.7,192.0,247.0,187.0,2026-01-14T14:59:31.139063,190.9,198,191.55,
,2026-01-14,469,NIMBPO,Nepal Investment Mega Bank Ltd. Promoter Share,159.8,159.8,159.8,,100,15980.0,161.0,184.5,147.7,2026-01-14T13:17:23.610064,159.8,1,159.8,
,2026-01-14,559,NLG,NLG Insurance Company Ltd.,670.7,684.1,670.0,,11885,8018856.3,679.9,1195.0,660.0,2026-01-14T14:59:59.374716,679.9,97,674.7,
,2026-01-14,187,NLIC,Nepal Life Insurance Co. Ltd.,778.0,778.4,762.5,,28008,21643537.4,774.0,890.0,702.0,2026-01-14T14:58:22.532057,769.0,224,772.76,
,2026-01-14,178,NLICL,National Life Insurance Co. Ltd.,586.0,586.0,574.0,,9750,5614913.9,575.5,738.0,539.0,2026-01-14T14:58:26.091331,577.0,84,575.88,
,2026-01-14,198,NLO,Nepal Lube Oil Limited,259.1,259.1,259.1,,10,2591.0,254.1,293.2,244.33,2026-01-14T14:55:22.708455,259.1,1,259.1,
,2026-01-14,238,NMB,NMB Bank Limited,239.0,240.0,237.2,,21475,5131967.9,239.0,283.0,230.0,2026-01-14T14:59:48.618699,239.0,104,238.97,
,2026-01-14,2867,NMB50,NMB 50,10.47,10.47,10.47,,5000,52350.0,10.29,11.93,9.75,2026-01-14T14:36:10.286961,10.47,1,10.47,
,2026-01-14,9254,NMBHF2,NMB Hybrid Fund L- II,9.14,9.38,9.14,,2850,26333.0,9.29,10.0,8.16,2026-01-14T14:57:09.75933,9.24,27,9.23,
,2026-01-14,704,NMBMF,NMB  Microfinance Bittiya Sanstha Ltd.,688.0,731.0,675.5,,4384,3002004.5,681.0,876.0,596.0,2026-01-14T14:59:58.98888,731.0,49,684.76,
,2026-01-14,2746,NMFBS,National Laghubitta Bittiya Sanstha Limited,1129.0,1129.0,1096.1,,5930,6559001.6,1115.0,1504.0,1094.0,2026-01-14T14:59:58.127826,1096.2,101,1106.07,
,2026-01-14,9250,NMIC,Nepal Micro Insurance Company Limited,1230.0,1264.0,1220.0,,17724,22111769.6,1240.0,2703.3,302.3,2026-01-14T14:59:58.406258,1220.0,298,1247.56,
,2026-01-14,396,NMLBBL,Nerude Mirmire Laghubitta Bittiya Sanstha Limited,623.1,632.0,620.0,,8667,5411790.6,626.0,807.0,600.0,2026-01-14T14:57:07.801794,629.5,69,624.41,
,2026-01-14,2881,NRIC,Nepal Reinsurance Company Limited,1312.0,1336.0,1299.0,,45213,59548061.1,1312.0,1842.0,750.0,2026-01-14T14:59:59.074855,1311.0,465,1317.05,
,2026-01-14,9183,NRM,Nepal Republic Media Limited,448.0,453.0,434.0,,36805,16162089.2,447.9,645.0,390.1,2026-01-14T14:59:34.849422,438.5,371,439.12,
,2026-01-14,2898,NRN,NRN Infrastructure and Development Limited,1390.0,1395.0,1368.0,,34816,48030016.5,1370.5,2444.0,1130.0,2026-01-14T14:59:53.897203,1382.5,262,1379.53,
,2026-01-14,8125,NSIF2,NMB Sulav Investment Fund - 2,10.4,10.5,10.36,,107200,1117256.0,10.44,11.93,9.75,2026-01-14T14:58:57.21829,10.36,24,10.42,
,2026-01-14,307,NTC,Nepal Doorsanchar Company Limited,846.0,850.0,845.1,,10928,9252017.4,846.0,996.3,762.5,2026-01-14T14:59:55.995393,847.0,188,846.63,
,2026-01-14,163,NUBL,Nirdhan Utthan Laghubitta Bittiya Sanstha Limited,706.0,714.0,700.0,,7529,5304228.3,707.5,854.4,650.0,2026-01-14T14:59:43.04447,708.0,59,704.5,
,2026-01-14,9233,NWCL,Nepal Warehousing Company Limited ,842.8,876.7,842.8,,6548,5652329.8,859.9,1147.0,740.2,2026-01-14T14:59:33.581371,850.0,111,863.21,
,2026-01-14,8026,NYADI,Nyadi Hydropower Limited,398.0,402.7,390.1,,11159,4401560.4,395.0,880.0,354.0,2026-01-14T14:59:40.864284,394.9,121,394.44,
,2026-01-14,149,OHL,Oriental Hotels Limited,695.1,704.0,693.6,,5131,3572845.2,695.1,1100.0,633.1,2026-01-14T14:59:15.756163,704.0,36,696.32,
,2026-01-14,9256,OMPL,Om Megashree Pharmaceuticals Limited,1325.0,1328.0,1285.0,,22333,29017269.0,1325.0,2167.2,270.0,2026-01-14T14:59:58.391709,1298.0,413,1299.3,
,2026-01-14,8097,PBD88,10% Prime Debenture 2088,1250.0,1250.0,1250.0,,50,62500.0,1250.0,1274.0,1090.0,2026-01-14T12:40:51.577994,1250.0,2,1250.0,
,2026-01-14,357,PCBL,Prime Commercial Bank Ltd.,240.0,240.8,239.0,,45991,11030497.6,239.9,290.0,226.0,2026-01-14T14:59:54.841129,239.0,131,239.84,
,2026-01-14,236,PFL,Pokhara Finance Ltd.,355.0,366.0,355.0,,12549,4522316.6,355.2,520.0,339.9,2026-01-14T14:59:53.439477,359.9,95,360.37,
,2026-01-14,8133,PHCL,Peoples Hydropower Company Limited,262.0,272.0,260.0,,209519,55973590.4,257.5,745.6,249.7,2026-01-14T14:59:58.48186,266.0,982,267.15,
,2026-01-14,2786,PMHPL,Panchakanya Mai Hydropower Ltd,313.7,324.0,313.7,,34399,10919672.0,320.0,468.0,272.0,2026-01-14T14:59:58.086145,318.8,113,317.44,
,2026-01-14,2915,PMLI,Prabhu Mahalaxmi Life Insurance Limited,481.6,498.7,480.0,,9176,4507067.2,481.5,665.0,445.0,2026-01-14T14:59:06.261698,490.0,164,491.17,
,2026-01-14,2813,PPCL,Panchthar Power Compant Limited,341.2,353.0,341.2,,22857,7915610.9,347.0,409.9,283.2,2026-01-14T14:59:57.780197,347.5,114,346.31,
,2026-01-14,8122,PPL,People's Power Limited,318.4,330.0,318.4,,92422,29910249.7,324.8,648.6,263.2,2026-01-14T14:59:57.459609,322.5,359,323.62,
,2026-01-14,184,PRIN,Prabhu Insurance Ltd.,709.9,709.9,696.0,,12469,8755014.5,700.0,1088.8,630.0,2026-01-14T14:59:06.709559,697.0,68,702.14,
,2026-01-14,338,PROFL,Progressive Finance Limited,450.0,480.0,449.5,,30551,14101715.3,453.0,650.1,421.4,2026-01-14T14:59:55.803099,463.9,174,461.57,
,2026-01-14,9174,PRSF,Prabhu Smart Fund,10.92,11.0,10.92,,42700,469220.0,11.1,12.05,9.67,2026-01-14T14:59:20.124611,10.99,10,10.98,
,2026-01-14,255,PRVU,Prabhu  Bank Limited,185.0,185.0,183.0,,67153,12344268.5,183.5,250.9,180.0,2026-01-14T14:59:24.079161,183.3,249,183.82,
,2026-01-14,4947,PSF,Prabhu Select Fund,10.78,10.97,10.78,,4000,43430.0,10.81,11.9,9.81,2026-01-14T14:47:30.105028,10.97,12,10.85,
,2026-01-14,9258,PURE,Pure Energy Limited,1029.0,1050.0,1021.0,,32964,34237806.2,1049.0,1327.9,289.3,2026-01-14T14:59:59.187769,1048.0,365,1038.64,
,2026-01-14,2776,RADHI,Radhi Bidyut Company Ltd,833.0,833.0,796.0,,324761,262404184.4,819.0,905.6,340.2,2026-01-14T14:59:59.483384,802.0,1254,807.99,
,2026-01-14,9181,RAWA,Rawa Energy Development Limited,718.0,725.0,713.0,,2400,1726760.0,718.9,990.0,686.0,2026-01-14T14:59:58.375304,721.9,41,719.48,
,2026-01-14,9264,RBBD2088,7% RBBL Debenture 2088,1075.0,1080.0,1070.0,,105,112875.0,1075.0,1100.0,967.6,2026-01-14T14:33:09.324861,1075.0,4,1075.0,
,2026-01-14,8003,RBBD83,8.5% RBBL Debenture 2083,1039.0,1039.0,1038.9,,20,20779.0,1060.0,1100.0,990.0,2026-01-14T12:29:29.970398,1038.9,2,1038.95,
,2026-01-14,177,RBCL,Rastriya Beema Company Limited,14875.0,15000.0,14860.0,,207,3095755.0,14850.0,16900.0,14024.0,2026-01-14T14:58:17.938053,14980.0,13,14955.33,
,2026-01-14,634,RBCLPO,Rastriya Beema Company Limited Promoter Share,11680.0,11760.0,11670.0,,140,1640580.0,11851.0,13530.0,11007.1,2026-01-14T14:42:07.504194,11710.0,9,11718.42,
,2026-01-14,8066,RFPL,River Falls Power Limited,357.8,377.0,357.8,,91937,33700172.1,365.1,1438.0,306.0,2026-01-14T14:59:58.531334,368.9,379,366.55,
,2026-01-14,8108,RHGCL,Rapti Hydro And General Construction Limited,261.9,266.0,255.0,,75397,19675794.7,257.8,708.0,217.2,2026-01-14T14:59:58.202422,258.0,369,260.96,
,2026-01-14,2841,RHPL,RASUWAGADHI HYDROPOWER COMPANY LIMITED,274.1,275.0,269.5,,42160,11457971.6,276.1,487.3,252.3,2026-01-14T14:59:57.769614,270.0,204,271.77,
,2026-01-14,610,RIDI,Ridi Power Company Limited,221.0,221.4,219.0,,69129,15203872.8,220.1,302.0,203.5,2026-01-14T14:59:57.394018,220.8,219,219.93,
,2026-01-14,587,RLFL,Reliance Finance Ltd.,418.2,438.0,418.2,,32770,14095098.0,425.0,703.8,398.0,2026-01-14T14:59:42.926142,429.5,174,430.12,
,2026-01-14,4968,RMF1,RBB Mutual Fund 1,9.58,9.58,9.3,,1804,16872.56,9.4,11.4,8.38,2026-01-14T14:41:43.18008,9.44,13,9.35,
,2026-01-14,9178,RMF2,RBB Mutual Fund 2,9.68,9.68,9.49,,650,6204.41,9.72,10.58,8.73,2026-01-14T13:59:30.175271,9.49,4,9.54,
,2026-01-14,9199,RNLI,Reliable Nepal Life Insurance Limited,463.7,466.0,462.0,,28405,13175634.5,463.7,593.0,416.0,2026-01-14T14:59:54.511413,463.6,334,463.84,
,2026-01-14,2748,RSDC,RSDC Laghubitta Bittiya Sanstha Ltd.,626.0,698.5,626.0,,7484,4766194.7,635.0,880.0,578.7,2026-01-14T14:59:59.194352,639.9,99,636.85,
,2026-01-14,9259,RSY,Reliable Samriddhi Yojana,9.61,9.8,9.48,,8851,85229.06,9.8,10.08,8.58,2026-01-14T14:59:37.851465,9.79,24,9.62,
,2026-01-14,2935,RURU,Ru Ru Jalbidhyut Pariyojana Limited,670.0,670.0,657.0,,11062,7320884.4,657.0,853.0,640.0,2026-01-14T14:53:45.971834,660.0,110,661.8,
,2026-01-14,472,SADBL,Shangrila Development Bank Ltd.,397.0,411.9,397.0,,31866,12878312.5,404.5,526.5,376.0,2026-01-14T14:59:58.665176,401.6,143,404.13,
,2026-01-14,9294,SAGAR,Sagar Distillery Limited,1960.0,2019.6,1960.0,,54968,109379702.2,1966.0,2146.9,319.5,2026-01-14T14:59:58.983995,2005.0,983,1989.87,
,2026-01-14,9139,SAGF,Sanima Growth Fund,9.46,9.83,9.46,,3600,35088.0,9.64,11.0,8.79,2026-01-14T14:48:55.86546,9.83,12,9.74,
,2026-01-14,8021,SAHAS,Sahas Urja Limited,550.0,557.0,547.2,,67358,37108884.5,549.0,705.0,479.7,2026-01-14T14:59:32.196911,547.9,477,550.92,
,2026-01-14,9301,SAIL,Shreenagar Agritech Industries Limited,1102.5,1142.19,1095.3,,104597,116933771.6,1125.0,1182.0,301.7,2026-01-14T14:59:59.004676,1100.0,2164,1117.94,
,2026-01-14,185,SALICO,Sagarmatha Lumbini Insurance Co. Limited,609.0,609.0,592.9,,7107,4236146.4,600.0,780.0,570.1,2026-01-14T14:59:59.626783,603.0,49,596.05,
,2026-01-14,171,SANIMA,Sanima Bank Limited,332.0,338.6,328.3,,74474,25032944.2,335.0,391.0,285.0,2026-01-14T14:59:50.716002,337.0,244,336.12,
,2026-01-14,9263,SANVI,Sanvi Energy Limited,838.0,855.0,812.0,,116172,96925158.3,835.0,930.4,359.0,2026-01-14T14:59:59.406983,825.0,1189,834.32,
,2026-01-14,2860,SAPDBL,Saptakoshi Development Bank Ltd,840.0,848.0,816.1,,48714,40693463.8,829.5,1622.7,686.0,2026-01-14T14:59:56.011797,848.0,281,835.35,
,2026-01-14,9242,SARBTM,Sarbottam Cement Limited,875.0,884.4,867.1,,33701,29477275.7,875.1,1048.0,724.6,2026-01-14T14:59:57.974073,874.0,170,874.67,
,2026-01-14,2937,SBCF,Sunrise Bluechip Fund,9.01,9.2,9.01,,8844,80524.84,9.14,12.03,8.7,2026-01-14T14:37:38.841256,9.11,12,9.1,
,2026-01-14,8109,SBD89,10.25% Sanima Debenture 2089,1230.0,1230.0,1230.0,,10,12300.0,1240.0,1260.0,1112.6,2026-01-14T14:57:16.598219,1230.0,1,1230.0,
,2026-01-14,135,SBI,Nepal SBI Bank Limited,408.0,412.0,401.2,,86052,34789802.0,404.9,452.0,363.0,2026-01-14T14:59:58.471555,410.0,121,404.28,
,2026-01-14,9211,SBID89,9% Nepal SBI Bank Rinpatra 2089,1170.0,1193.0,1170.0,,50,59075.0,1176.0,1266.0,1039.0,2026-01-14T14:18:12.117091,1193.0,2,1181.5,
,2026-01-14,145,SBL,Siddhartha Bank Limited,380.0,399.0,380.0,,79807,30886084.6,385.1,416.0,261.0,2026-01-14T14:59:56.749569,385.8,218,387.0,
,2026-01-14,9271,SBLD2091,7.25% SBL Debenture 2091,1102.0,1102.0,1102.0,,25,27550.0,1124.0,1150.0,109.0,2026-01-14T14:50:34.539339,1102.0,1,1102.0,
,2026-01-14,133,SCB,Standard Chartered Bank Limited,633.1,639.9,630.1,,14973,9467543.0,633.1,701.0,594.9,2026-01-14T14:58:41.064328,631.4,91,632.3,
,2026-01-14,2770,SEF,Siddhartha Equity Fund,9.48,9.74,9.48,,13000,126300.0,9.65,11.5,8.6,2026-01-14T14:11:47.404327,9.74,5,9.71,
,2026-01-14,256,SFCL,Samriddhi Finance Company Limited,370.0,384.0,369.8,,16390,6173774.7,370.0,677.2,359.4,2026-01-14T14:59:17.143579,375.4,144,376.67,
,2026-01-14,9154,SFEF,Sunrise Focused Equity Fund,9.58,9.6,9.58,,13301,127539.62,9.55,11.12,8.82,2026-01-14T14:14:49.452426,9.59,12,9.58,
,2026-01-14,8100,SGHC,Swet-Ganga Hydropower & Construction Limited ,377.0,390.5,375.0,,44509,16990166.2,370.0,649.5,296.0,2026-01-14T14:59:56.678706,375.5,279,381.72,
,2026-01-14,2908,SGIC,Sanima GIC Insurance Limited,480.2,491.5,480.2,,30261,14737057.8,481.9,736.4,439.0,2026-01-14T14:59:59.328542,490.0,195,486.99,
,2026-01-14,2934,SHEL,Singati Hydro Energy Limited,277.0,280.0,275.5,,75847,20994179.3,276.9,347.8,241.1,2026-01-14T14:59:51.59019,277.0,227,276.79,
,2026-01-14,473,SHINE,Shine Resunga Development Bank Ltd.,402.0,406.0,401.1,,21546,8712140.8,403.1,499.0,382.0,2026-01-14T14:59:30.792267,403.4,66,404.35,
,2026-01-14,9286,SHINED,Shine Resunga Debenture,1158.4,1158.4,1155.0,,260,300478.0,1182.0,1200.0,1000.0,2026-01-14T14:53:03.694964,1155.1,4,1155.68,
,2026-01-14,2809,SHIVM,SHIVAM CEMENTS LTD,624.7,624.9,615.0,,165940,102789091.2,619.0,709.0,495.0,2026-01-14T14:59:49.036472,615.0,620,619.43,
,2026-01-14,147,SHL,Soaltee Hotel Limited,499.0,503.0,487.7,,46757,23218898.2,495.7,619.0,464.0,2026-01-14T14:59:50.66844,498.0,105,496.58,
,2026-01-14,8132,SHLB,Shrijanshil Laghubitta Bittiya Sanstha Limited,1566.6,1603.9,1566.6,,1094,1748034.0,1580.1,2907.0,1540.2,2026-01-14T14:59:45.376418,1590.0,23,1597.83,
,2026-01-14,591,SHPC,Sanima Mai Hydropower Ltd.,554.9,562.3,549.0,,236554,131756652.8,552.0,684.9,443.1,2026-01-14T14:59:57.207241,551.5,705,556.98,
,2026-01-14,192,SICL,Shikhar Insurance Co. Ltd.,625.0,635.0,622.8,,2726,1707397.4,625.5,891.0,588.8,2026-01-14T14:59:56.446799,626.1,47,626.33,
,2026-01-14,244,SIFC,Shree Investment Finance Co. Ltd.,501.0,514.0,496.1,,32198,16384127.7,495.0,615.0,459.0,2026-01-14T14:59:50.324537,511.0,213,508.85,
,2026-01-14,2859,SIGS2,Siddhartha Investment Growth Scheme - 2,9.8,9.85,9.68,,12110,118938.0,9.8,11.7,8.9,2026-01-14T14:25:56.282137,9.68,4,9.82,
,2026-01-14,9182,SIGS3,Siddhartha Investment Growth Scheme 3,10.01,10.01,10.01,,500,5005.0,10.14,11.46,8.5,2026-01-14T14:37:31.745959,10.01,4,10.01,
,2026-01-14,8126,SIKLES,Sikles Hydropower Limited,657.9,670.0,633.1,,83135,54422165.6,646.0,1475.0,540.0,2026-01-14T14:59:59.131417,647.0,558,654.62,
,2026-01-14,561,SINDU,Sindhu Bikash Bank Ltd,720.0,723.0,713.0,,25344,18174782.1,715.3,1482.0,608.0,2026-01-14T14:59:59.391437,719.9,180,717.12,
,2026-01-14,2842,SJCL,SANJEN JALAVIDHYUT COMPANY LIMITED,284.0,285.0,282.6,,4460,1264988.0,284.9,380.0,267.0,2026-01-14T14:58:09.021054,284.0,85,283.62,
,2026-01-14,403,SJLIC,SuryaJyoti Life Insurance Company Limited,446.9,446.9,438.0,,25123,11094077.0,438.5,504.0,390.0,2026-01-14T14:59:44.592043,441.5,223,441.59,
,2026-01-14,574,SKBBL,Sana Kisan Bikas Laghubitta Bittiya Sanstha Limited,781.0,781.0,765.4,,12054,9284513.1,773.0,999.0,756.6,2026-01-14T14:59:44.588194,771.0,110,770.24,
,2026-01-14,545,SLBBL,Swarojgar Laghubitta Bittiya Sanstha Ltd.,819.9,820.0,815.1,,6207,5076271.3,818.5,1159.4,780.0,2026-01-14T14:59:59.06147,817.1,100,817.83,
,2026-01-14,2804,SLBSL,Samudayik Laghubitta Bittiya Sanstha Limited,1285.1,1285.1,1275.0,,1571,2009427.4,1284.0,3047.0,1234.5,2026-01-14T14:59:23.275527,1279.0,31,1279.07,
,2026-01-14,2923,SLCF,Sanima Large Cap Fund,9.21,9.35,9.21,,580,5381.0,9.26,11.99,8.6,2026-01-14T13:56:31.62791,9.35,5,9.27,
,2026-01-14,2761,SMATA,Samata Gharelu Laghubitta Bittiya Sanstha Limited,770.0,790.0,770.0,,5051,3927932.6,773.0,1382.0,734.1,2026-01-14T14:58:53.050125,775.0,96,777.65,
,2026-01-14,2771,SMB,Support Microfinance Bittiya Sanstha Ltd.,1755.0,1790.0,1755.0,,782,1386132.0,1784.9,3309.9,1710.1,2026-01-14T14:59:57.611891,1783.0,33,1772.54,
,2026-01-14,2829,SMFBS,Swabhimaan Laghubitta Bittiya Sanstha Limited,1647.8,1680.0,1602.0,,3040,4969206.0,1616.0,2215.0,1490.0,2026-01-14T14:59:58.39673,1680.0,40,1634.6,
,2026-01-14,9148,SMH,Super Mai Hydropower Limited,712.0,731.8,712.0,,3485,2511611.5,722.0,1178.0,685.1,2026-01-14T14:59:58.619422,716.0,69,720.69,
,2026-01-14,9146,SMHL,Super Madi Hydropower Limited,550.0,595.1,540.9,,108566,63283118.32,541.0,1657.0,490.1,2026-01-14T14:59:38.727673,594.8,1037,582.89,
,2026-01-14,9159,SMJC,Sagarmatha Jalabidhyut Company Limited,483.0,494.0,483.0,,11196,5456282.7,487.4,735.0,479.0,2026-01-14T14:58:57.830768,494.0,148,487.34,
,2026-01-14,2896,SMPDA,Sampada Laghubitta Bittiya Sanstha Limited,862.2,870.0,850.0,,20054,17216030.6,873.0,1155.0,840.0,2026-01-14T14:59:31.607569,867.0,195,858.48,
,2026-01-14,9201,SNLI,Sun Nepal Life Insurance Company Limited,470.0,481.9,470.0,,20313,9643799.5,475.3,744.5,411.6,2026-01-14T14:59:45.577109,474.2,345,474.75,
,2026-01-14,9216,SONA,Sonapur Minerals And Oil Limited,424.0,436.0,424.0,,31388,13415971.6,427.9,545.0,398.0,2026-01-14T14:59:55.783348,427.0,412,427.42,
,2026-01-14,8025,SPC,Samling Power Company Limited,524.0,545.0,524.0,,40725,21920777.7,529.3,722.0,441.0,2026-01-14T14:59:54.333229,544.0,258,538.26,
,2026-01-14,2759,SPDL,Synergy Power Development Ltd.,380.3,393.0,380.3,,88704,34262898.6,388.0,465.0,308.9,2026-01-14T14:59:32.020257,387.8,227,386.26,
,2026-01-14,8121,SPHL,Sayapatri Hydropower Limited,575.0,578.0,561.0,,14740,8373730.3,578.3,922.0,477.1,2026-01-14T14:59:58.033301,573.0,113,568.09,
,2026-01-14,182,SPIL,Siddhartha Premier Insurance Limited,710.5,719.9,710.5,,4304,3076533.8,716.8,980.4,625.0,2026-01-14T14:59:39.992137,717.0,64,714.8,
,2026-01-14,9147,SPL,Shuvam Power Limited,828.1,875.0,815.1,,2902,2448037.4,845.0,1102.2,765.0,2026-01-14T14:56:56.24389,856.9,50,843.56,
,2026-01-14,5982,SRLI,Sanima Reliance Life Insurance Limited,395.2,401.0,395.2,,40921,16331422.7,402.0,480.0,363.9,2026-01-14T14:59:58.319718,399.9,311,399.09,
,2026-01-14,2907,SSHL,Shiva Shree Hydropower Ltd,154.8,160.9,154.8,,105337,16592005.5,157.9,313.8,151.0,2026-01-14T14:59:54.93079,157.2,343,157.51,
,2026-01-14,155,STC,Salt Trading Corporation,5629.0,5629.0,5550.0,,1813,10096020.7,5599.0,5800.0,4832.0,2026-01-14T14:59:35.243714,5595.9,44,5568.68,
,2026-01-14,9295,SWASTIK,Swastik Laghubitta Bittiya Sanstha Limited,2926.0,2927.9,2846.0,,4876,13957759.0,2890.0,3400.0,391.7,2026-01-14T14:59:51.850647,2846.0,197,2862.54,
,2026-01-14,268,SWBBL,Swabalamban Laghubitta Bittiya Sanstha Limited,730.0,736.0,724.8,,6329,4611136.0,735.0,1046.5,724.8,2026-01-14T14:59:54.213908,734.0,62,728.57,
,2026-01-14,706,SWMF,Suryodaya Womi Laghubitta Bittiya Sanstha Limited,666.0,675.0,664.5,,2698,1802234.7,678.0,868.1,641.1,2026-01-14T14:59:39.610988,675.0,39,667.98,
,2026-01-14,9303,SYPNL,SY Panel Nepal Limited,1410.1,1439.9,1365.0,,157437,220185276.1,1410.1,1502.0,319.8,2026-01-14T14:59:58.664053,1383.0,5293,1398.56,
,2026-01-14,9156,TAMOR,Sanima Middle Tamor Hydropower Limited,453.0,453.0,441.3,,8540,3797133.0,449.0,637.0,437.0,2026-01-14T14:59:34.753471,449.0,132,444.62,
,2026-01-14,8022,TPC,Terhathum Power Company Limited,364.2,390.0,364.2,,76621,28203142.9,368.5,671.6,270.1,2026-01-14T14:59:58.39438,369.0,277,368.08,
,2026-01-14,148,TRH,Taragaon Regency Hotel Limited,712.0,720.0,710.1,,3660,2607419.8,713.5,1259.0,681.1,2026-01-14T14:59:52.35894,720.0,29,712.4,
,2026-01-14,9194,TSHL,Three Star Hydropower Limited,848.0,900.0,805.3,,32203,26866792.6,831.6,1046.6,616.8,2026-01-14T14:59:55.343286,900.0,370,834.29,
,2026-01-14,9262,TTL,Trade Tower Limited,847.0,855.0,825.0,,48797,40893729.4,847.0,1262.8,366.1,2026-01-14T14:59:57.205163,835.2,832,838.03,
,2026-01-14,9218,TVCL,Trishuli Jal Vidhyut Company Limited ,383.0,384.0,377.7,,8974,3409849.7,383.9,645.0,377.6,2026-01-14T14:58:20.299654,378.4,68,379.96,
,2026-01-14,180,UAIL,United Ajod Insurance Limited,443.0,451.9,443.0,,16330,7323128.7,448.5,767.0,422.1,2026-01-14T14:59:59.04842,450.0,135,448.44,
,2026-01-14,8099,UHEWA,Upper Hewakhola Hydropower Company Limited,576.9,576.9,561.4,,18579,10540616.0,572.9,993.4,508.5,2026-01-14T14:59:56.796792,566.9,154,567.34,
,2026-01-14,8063,ULBSL,Upakar Laghubitta Bittiya Sanstha Limited,3352.0,3415.0,3331.1,,712,2387207.0,3419.8,6600.0,2931.0,2026-01-14T14:57:25.04155,3400.0,22,3352.81,
,2026-01-14,9208,ULHC,Upper Lohore Khola Hydropower Company Limited,453.0,460.9,450.1,,9855,4471871.7,453.1,693.0,411.7,2026-01-14T14:59:40.138001,450.3,96,453.76,
,2026-01-14,2760,UMHL,United Modi Hydropower Ltd.,560.1,600.0,560.1,,286222,164837888.3,567.9,626.0,330.0,2026-01-14T14:59:59.379646,583.9,758,575.9,
,2026-01-14,2914,UMRH,United IDI Mardi RB Hydropower Limited.,569.0,569.0,550.6,,58051,32253825.5,561.8,790.0,526.0,2026-01-14T14:59:59.126281,557.0,177,555.61,
,2026-01-14,2831,UNHPL,Union Hydropower Limited,460.0,489.0,460.0,,486429,232672660.1,460.0,554.7,288.1,2026-01-14T14:59:58.66421,475.0,1219,478.32,
,2026-01-14,219,UNL,Unilever Nepal Limited,47100.0,47100.0,46500.1,,22,1032043.0,47100.0,50724.0,44803.0,2026-01-14T14:19:42.032323,47100.0,4,46911.04,
,2026-01-14,9140,UNLB,Unique Nepal Laghubitta Bittiya Sanstha Limited,1824.0,1860.4,1824.0,,299,551534.1,1840.0,2888.6,1818.4,2026-01-14T14:59:50.278266,1858.0,23,1844.59,
,2026-01-14,2810,UPCL,UNIVERSAL POWER COMPANY LTD,363.2,367.1,360.0,,136153,49622387.2,363.2,489.0,270.5,2026-01-14T14:59:58.112176,360.1,419,364.46,
,2026-01-14,2792,UPPER,Upper Tamakoshi Hydropower Ltd,177.0,177.0,173.0,,69499,12071404.1,174.0,228.0,166.0,2026-01-14T14:59:58.509696,174.0,322,173.69,
,2026-01-14,8104,USHEC,Upper Solu Hydro Electric Company Limited,465.0,468.0,460.0,,12229,5647207.8,462.0,752.0,410.0,2026-01-14T14:57:37.96677,460.1,88,461.78,
,2026-01-14,9192,USHL,Upper Syange Hydropower Limited,810.0,824.9,801.6,,13667,11108019.3,816.0,945.0,588.0,2026-01-14T14:59:59.835437,817.0,129,812.76,
,2026-01-14,2774,USLB,Unnati Sahakarya Laghubitta Bittiya Sanstha Limited,1428.1,1434.0,1407.0,,8225,11679413.5,1425.0,2750.0,1407.0,2026-01-14T14:59:56.462932,1414.0,131,1419.98,
,2026-01-14,687,VLBS,Vijaya laghubitta Bittiya Sanstha Ltd.,751.0,771.0,750.1,,1757,1339375.3,758.0,1008.0,737.0,2026-01-14T14:58:54.656195,755.0,30,762.3,
,2026-01-14,9225,VLUCL,Vision Lumbini Urja Company Limited ,555.0,568.9,555.0,,9351,5246083.9,560.0,802.0,516.0,2026-01-14T14:59:56.304004,559.0,99,561.01,
,2026-01-14,2781,WNLB,Wean Nepal Laghubitta Bittiya Sanstha Limited,1560.0,1560.0,1498.6,,2735,4147776.5,1530.0,4271.0,1242.1,2026-01-14T14:59:50.140581,1505.0,108,1516.55,
